power,Unnamed: 1
255.0,
264.0,
253.0,
250.0,
234.0,
249.0,
297.0,
323.0,
423.0,
418.0,
418.0,
431.0,
424.0,
424.0,
426.0,
419.0,
423.0,
434.0,
393.0,
367.0,
356.0,
313.0,
288.0,
284.0,
280.0,
281.0,
288.0,
287.0,
329.0,
389.0,
541.0,
563.0,
631.0,
663.0,
657.0,
745.0,
760.0,
715.0,
730.0,
717.0,
693.0,
670.0,
656.0,
623.0,
602.0,
499.0,
390.0,
332.0,
295.0,
299.0,
311.0,
304.0,
293.0,
369.0,
515.0,
622.0,
795.0,
844.0,
873.0,
859.0,
853.0,
865.0,
903.0,
898.0,
889.0,
854.0,
837.0,
760.0,
687.0,
544.0,
354.0,
295.0,
295.0,
291.0,
290.0,
320.0,
292.0,
370.0,
526.0,
729.0,
821.0,
850.0,
826.0,
857.0,
866.0,
845.0,
853.0,
889.0,
880.0,
860.0,
846.0,
824.0,
791.0,
597.0,
390.0,
323.0,
318.0,
325.0,
320.0,
346.0,
322.0,
347.0,
582.0,
679.0,
739.0,
823.0,
815.0,
819.0,
811.0,
805.0,
805.0,
805.0,
812.0,
822.0,
806.0,
782.0,
731.0,
583.0,
409.0,
369.0,
351.0,
322.0,
320.0,
333.0,
327.0,
386.0,
516.0,
663.0,
788.0,
835.0,
859.0,
871.0,
862.0,
881.0,
854.0,
835.0,
811.0,
792.0,
827.0,
783.0,
749.0,
568.0,
394.0,
318.0,
307.0,
320.0,
308.0,
315.0,
324.0,
373.0,
546.0,
671.0,
824.0,
889.0,
905.0,
877.0,
882.0,
900.0,
906.0,
878.0,
861.0,
863.0,
803.0,
774.0,
750.0,
568.0,
371.0,
301.0,
286.0,
289.0,
287.0,
285.0,
292.0,
353.0,
501.0,
667.0,
828.0,
882.0,
897.0,
954.0,
924.0,
913.0,
901.0,
839.0,
849.0,
840.0,
813.0,
815.0,
778.0,
586.0,
384.0,
312.0,
296.0,
295.0,
295.0,
283.0,
274.0,
345.0,
491.0,
656.0,
769.0,
845.0,
822.0,
847.0,
891.0,
910.0,
872.0,
861.0,
844.0,
846.0,
844.0,
820.0,
771.0,
575.0,
351.0,
298.0,
282.0,
292.0,
291.0,
316.0,
298.0,
353.0,
493.0,
574.0,
750.0,
797.0,
867.0,
864.0,
873.0,
877.0,
849.0,
856.0,
830.0,
797.0,
812.0,
728.0,
621.0,
539.0,
360.0,
308.0,
302.0,
308.0,
311.0,
309.0,
306.0,
361.0,
534.0,
634.0,
706.0,
782.0,
806.0,
859.0,
826.0,
809.0,
808.0,
811.0,
797.0,
792.0,
809.0,
786.0,
769.0,
576.0,
411.0,
357.0,
365.0,
360.0,
350.0,
353.0,
340.0,
359.0,
519.0,
621.0,
775.0,
832.0,
833.0,
811.0,
797.0,
805.0,
800.0,
797.0,
782.0,
770.0,
774.0,
763.0,
728.0,
571.0,
403.0,
369.0,
376.0,
383.0,
366.0,
369.0,
348.0,
341.0,
558.0,
667.0,
747.0,
826.0,
805.0,
820.0,
855.0,
840.0,
814.0,
815.0,
824.0,
818.0,
805.0,
796.0,
777.0,
601.0,
442.0,
399.0,
393.0,
407.0,
400.0,
390.0,
388.0,
394.0,
568.0,
712.0,
798.0,
867.0,
846.0,
862.0,
868.0,
876.0,
809.0,
815.0,
804.0,
813.0,
815.0,
792.0,
764.0,
606.0,
429.0,
380.0,
359.0,
344.0,
315.0,
331.0,
334.0,
382.0,
591.0,
721.0,
811.0,
859.0,
888.0,
879.0,
884.0,
882.0,
872.0,
848.0,
895.0,
934.0,
899.0,
891.0,
854.0,
620.0,
423.0,
366.0,
353.0,
354.0,
343.0,
349.0,
334.0,
343.0,
577.0,
707.0,
885.0,
905.0,
923.0,
899.0,
969.0,
978.0,
974.0,
980.0,
949.0,
947.0,
924.0,
898.0,
844.0,
611.0,
388.0,
313.0,
285.0,
282.0,
285.0,
261.0,
264.0,
315.0,
453.0,
600.0,
795.0,
847.0,
854.0,
873.0,
829.0,
845.0,
849.0,
849.0,
808.0,
829.0,
771.0,
679.0,
640.0,
518.0,
346.0,
293.0,
291.0,
267.0,
276.0,
271.0,
269.0,
284.0,
523.0,
648.0,
807.0,
805.0,
839.0,
834.0,
838.0,
817.0,
802.0,
786.0,
814.0,
796.0,
794.0,
813.0,
779.0,
585.0,
388.0,
330.0,
317.0,
314.0,
304.0,
309.0,
300.0,
314.0,
547.0,
656.0,
799.0,
871.0,
867.0,
883.0,
857.0,
871.0,
880.0,
889.0,
858.0,
854.0,
839.0,
840.0,
803.0,
569.0,
351.0,
293.0,
282.0,
282.0,
296.0,
302.0,
294.0,
319.0,
541.0,
652.0,
841.0,
836.0,
849.0,
873.0,
895.0,
921.0,
972.0,
923.0,
929.0,
917.0,
886.0,
877.0,
829.0,
573.0,
401.0,
352.0,
351.0,
348.0,
338.0,
346.0,
343.0,
366.0,
560.0,
671.0,
830.0,
882.0,
935.0,
942.0,
950.0,
936.0,
901.0,
887.0,
868.0,
852.0,
848.0,
843.0,
816.0,
594.0,
390.0,
324.0,
325.0,
334.0,
320.0,
339.0,
348.0,
333.0,
533.0,
667.0,
882.0,
914.0,
889.0,
888.0,
912.0,
923.0,
896.0,
876.0,
876.0,
873.0,
883.0,
872.0,
799.0,
589.0,
385.0,
323.0,
323.0,
326.0,
323.0,
325.0,
333.0,
381.0,
536.0,
672.0,
801.0,
913.0,
988.0,
970.0,
971.0,
1011.0,
999.0,
965.0,
1012.0,
967.0,
957.0,
942.0,
908.0,
603.0,
368.0,
308.0,
283.0,
287.0,
289.0,
282.0,
289.0,
376.0,
504.0,
666.0,
822.0,
884.0,
933.0,
916.0,
904.0,
974.0,
960.0,
965.0,
940.0,
942.0,
915.0,
863.0,
725.0,
607.0,
382.0,
307.0,
286.0,
288.0,
294.0,
298.0,
295.0,
337.0,
520.0,
638.0,
792.0,
811.0,
901.0,
929.0,
920.0,
900.0,
949.0,
894.0,
876.0,
919.0,
922.0,
858.0,
792.0,
596.0,
371.0,
314.0,
305.0,
310.0,
301.0,
300.0,
295.0,
323.0,
535.0,
662.0,
817.0,
892.0,
889.0,
859.0,
858.0,
835.0,
873.0,
830.0,
844.0,
842.0,
838.0,
822.0,
768.0,
595.0,
397.0,
322.0,
330.0,
315.0,
313.0,
317.0,
314.0,
372.0,
528.0,
665.0,
760.0,
845.0,
884.0,
879.0,
900.0,
887.0,
837.0,
827.0,
828.0,
834.0,
837.0,
823.0,
784.0,
583.0,
399.0,
329.0,
322.0,
321.0,
329.0,
320.0,
318.0,
363.0,
572.0,
678.0,
807.0,
858.0,
887.0,
857.0,
851.0,
843.0,
876.0,
908.0,
885.0,
870.0,
842.0,
833.0,
787.0,
597.0,
426.0,
368.0,
358.0,
355.0,
337.0,
345.0,
345.0,
415.0,
588.0,
684.0,
836.0,
873.0,
909.0,
886.0,
902.0,
905.0,
889.0,
864.0,
849.0,
888.0,
840.0,
823.0,
805.0,
628.0,
419.0,
352.0,
355.0,
353.0,
358.0,
352.0,
347.0,
398.0,
597.0,
665.0,
820.0,
903.0,
889.0,
932.0,
918.0,
923.0,
952.0,
910.0,
882.0,
898.0,
840.0,
815.0,
786.0,
582.0,
412.0,
340.0,
331.0,
323.0,
319.0,
320.0,
312.0,
322.0,
564.0,
611.0,
842.0,
927.0,
906.0,
874.0,
851.0,
855.0,
848.0,
839.0,
836.0,
817.0,
829.0,
740.0,
668.0,
549.0,
424.0,
355.0,
349.0,
342.0,
347.0,
351.0,
346.0,
361.0,
515.0,
619.0,
780.0,
809.0,
810.0,
814.0,
817.0,
795.0,
798.0,
769.0,
796.0,
779.0,
774.0,
764.0,
758.0,
602.0,
394.0,
358.0,
354.0,
347.0,
354.0,
359.0,
415.0,
468.0,
591.0,
614.0,
775.0,
834.0,
885.0,
887.0,
885.0,
841.0,
813.0,
789.0,
796.0,
792.0,
812.0,
790.0,
755.0,
578.0,
407.0,
350.0,
350.0,
354.0,
358.0,
350.0,
333.0,
409.0,
546.0,
654.0,
804.0,
858.0,
880.0,
837.0,
829.0,
856.0,
812.0,
792.0,
782.0,
786.0,
782.0,
784.0,
768.0,
618.0,
405.0,
343.0,
346.0,
372.0,
357.0,
362.0,
336.0,
364.0,
560.0,
683.0,
821.0,
896.0,
872.0,
870.0,
845.0,
838.0,
842.0,
840.0,
798.0,
825.0,
836.0,
805.0,
773.0,
602.0,
406.0,
343.0,
332.0,
329.0,
324.0,
333.0,
332.0,
389.0,
580.0,
710.0,
833.0,
875.0,
918.0,
932.0,
917.0,
882.0,
870.0,
872.0,
854.0,
864.0,
836.0,
819.0,
773.0,
596.0,
410.0,
327.0,
317.0,
342.0,
322.0,
324.0,
327.0,
332.0,
557.0,
667.0,
835.0,
864.0,
872.0,
882.0,
879.0,
914.0,
883.0,
883.0,
872.0,
861.0,
873.0,
856.0,
794.0,
629.0,
443.0,
367.0,
360.0,
357.0,
353.0,
351.0,
359.0,
402.0,
545.0,
632.0,
879.0,
853.0,
831.0,
882.0,
863.0,
879.0,
910.0,
887.0,
834.0,
868.0,
812.0,
725.0,
647.0,
553.0,
395.0,
318.0,
308.0,
306.0,
307.0,
299.0,
302.0,
349.0,
585.0,
658.0,
774.0,
804.0,
858.0,
866.0,
835.0,
836.0,
846.0,
856.0,
861.0,
868.0,
849.0,
822.0,
792.0,
611.0,
409.0,
355.0,
329.0,
334.0,
328.0,
332.0,
331.0,
396.0,
588.0,
665.0,
768.0,
844.0,
855.0,
859.0,
880.0,
830.0,
790.0,
812.0,
819.0,
824.0,
801.0,
780.0,
760.0,
598.0,
403.0,
346.0,
335.0,
351.0,
345.0,
342.0,
328.0,
417.0,
594.0,
686.0,
773.0,
838.0,
868.0,
884.0,
860.0,
853.0,
854.0,
852.0,
812.0,
835.0,
823.0,
798.0,
756.0,
628.0,
443.0,
359.0,
351.0,
368.0,
348.0,
366.0,
343.0,
411.0,
549.0,
662.0,
769.0,
832.0,
846.0,
845.0,
870.0,
857.0,
812.0,
818.0,
810.0,
816.0,
804.0,
776.0,
762.0,
635.0,
426.0,
359.0,
359.0,
343.0,
337.0,
346.0,
345.0,
401.0,
641.0,
685.0,
785.0,
862.0,
878.0,
888.0,
897.0,
872.0,
844.0,
830.0,
854.0,
859.0,
857.0,
819.0,
781.0,
603.0,
408.0,
339.0,
347.0,
344.0,
335.0,
342.0,
343.0,
405.0,
581.0,
702.0,
789.0,
851.0,
881.0,
892.0,
876.0,
915.0,
896.0,
851.0,
883.0,
850.0,
822.0,
804.0,
779.0,
601.0,
407.0,
360.0,
343.0,
352.0,
327.0,
323.0,
325.0,
389.0,
502.0,
644.0,
805.0,
902.0,
878.0,
884.0,
842.0,
843.0,
874.0,
844.0,
826.0,
842.0,
812.0,
721.0,
653.0,
567.0,
411.0,
363.0,
342.0,
351.0,
344.0,
345.0,
336.0,
422.0,
606.0,
647.0,
760.0,
813.0,
834.0,
849.0,
863.0,
866.0,
806.0,
785.0,
778.0,
793.0,
778.0,
759.0,
726.0,
581.0,
417.0,
373.0,
366.0,
386.0,
374.0,
357.0,
357.0,
440.0,
555.0,
651.0,
744.0,
802.0,
801.0,
781.0,
809.0,
794.0,
807.0,
811.0,
777.0,
771.0,
746.0,
716.0,
702.0,
584.0,
406.0,
333.0,
321.0,
329.0,
341.0,
322.0,
307.0,
365.0,
554.0,
663.0,
767.0,
848.0,
880.0,
862.0,
861.0,
838.0,
848.0,
838.0,
787.0,
819.0,
826.0,
775.0,
745.0,
584.0,
387.0,
321.0,
323.0,
324.0,
337.0,
322.0,
309.0,
383.0,
574.0,
645.0,
830.0,
832.0,
844.0,
815.0,
812.0,
818.0,
812.0,
786.0,
805.0,
814.0,
814.0,
749.0,
736.0,
592.0,
389.0,
321.0,
313.0,
306.0,
307.0,
316.0,
296.0,
362.0,
582.0,
635.0,
815.0,
864.0,
836.0,
842.0,
837.0,
882.0,
867.0,
867.0,
834.0,
822.0,
847.0,
804.0,
757.0,
596.0,
394.0,
323.0,
320.0,
324.0,
311.0,
329.0,
308.0,
376.0,
561.0,
656.0,
767.0,
877.0,
861.0,
890.0,
893.0,
883.0,
869.0,
863.0,
816.0,
842.0,
817.0,
789.0,
749.0,
598.0,
371.0,
283.0,
278.0,
300.0,
281.0,
278.0,
278.0,
325.0,
533.0,
623.0,
798.0,
828.0,
854.0,
849.0,
828.0,
852.0,
826.0,
779.0,
817.0,
789.0,
771.0,
692.0,
618.0,
559.0,
410.0,
321.0,
310.0,
311.0,
314.0,
320.0,
328.0,
385.0,
575.0,
645.0,
740.0,
844.0,
840.0,
805.0,
793.0,
763.0,
751.0,
752.0,
744.0,
765.0,
782.0,
748.0,
720.0,
563.0,
397.0,
328.0,
313.0,
315.0,
317.0,
327.0,
331.0,
380.0,
603.0,
645.0,
788.0,
817.0,
811.0,
833.0,
826.0,
814.0,
783.0,
772.0,
761.0,
795.0,
782.0,
762.0,
726.0,
592.0,
392.0,
339.0,
318.0,
318.0,
335.0,
341.0,
323.0,
375.0,
610.0,
640.0,
711.0,
789.0,
779.0,
817.0,
847.0,
806.0,
759.0,
746.0,
762.0,
765.0,
746.0,
719.0,
698.0,
583.0,
378.0,
319.0,
293.0,
295.0,
286.0,
296.0,
293.0,
396.0,
566.0,
611.0,
693.0,
782.0,
826.0,
786.0,
817.0,
803.0,
779.0,
778.0,
764.0,
755.0,
801.0,
755.0,
718.0,
581.0,
402.0,
345.0,
329.0,
336.0,
326.0,
327.0,
311.0,
386.0,
573.0,
675.0,
732.0,
781.0,
807.0,
810.0,
821.0,
870.0,
831.0,
822.0,
792.0,
799.0,
802.0,
783.0,
727.0,
608.0,
384.0,
323.0,
329.0,
312.0,
321.0,
328.0,
310.0,
314.0,
606.0,
644.0,
770.0,
856.0,
833.0,
857.0,
846.0,
839.0,
895.0,
888.0,
823.0,
833.0,
823.0,
804.0,
797.0,
602.0,
401.0,
334.0,
335.0,
326.0,
328.0,
327.0,
321.0,
388.0,
494.0,
597.0,
760.0,
839.0,
850.0,
843.0,
836.0,
826.0,
819.0,
789.0,
791.0,
789.0,
782.0,
763.0,
667.0,
534.0,
420.0,
340.0,
349.0,
348.0,
336.0,
348.0,
340.0,
380.0,
596.0,
650.0,
723.0,
774.0,
814.0,
819.0,
797.0,
811.0,
790.0,
770.0,
733.0,
772.0,
771.0,
766.0,
750.0,
624.0,
469.0,
363.0,
350.0,
349.0,
353.0,
357.0,
353.0,
384.0,
613.0,
659.0,
748.0,
765.0,
793.0,
786.0,
803.0,
762.0,
762.0,
734.0,
748.0,
752.0,
768.0,
720.0,
696.0,
564.0,
380.0,
338.0,
310.0,
312.0,
330.0,
328.0,
321.0,
364.0,
590.0,
639.0,
768.0,
786.0,
776.0,
837.0,
801.0,
777.0,
763.0,
779.0,
747.0,
747.0,
765.0,
749.0,
730.0,
562.0,
378.0,
323.0,
299.0,
289.0,
295.0,
292.0,
278.0,
318.0,
532.0,
638.0,
739.0,
796.0,
832.0,
827.0,
835.0,
807.0,
818.0,
787.0,
749.0,
773.0,
757.0,
746.0,
736.0,
567.0,
367.0,
298.0,
289.0,
292.0,
297.0,
299.0,
298.0,
354.0,
560.0,
621.0,
739.0,
878.0,
926.0,
970.0,
993.0,
927.0,
944.0,
960.0,
904.0,
928.0,
924.0,
868.0,
838.0,
630.0,
380.0,
305.0,
320.0,
309.0,
300.0,
318.0,
297.0,
347.0,
554.0,
673.0,
777.0,
850.0,
850.0,
865.0,
853.0,
887.0,
833.0,
830.0,
807.0,
793.0,
781.0,
745.0,
697.0,
567.0,
334.0,
271.0,
266.0,
256.0,
247.0,
257.0,
242.0,
306.0,
559.0,
637.0,
751.0,
794.0,
784.0,
774.0,
788.0,
799.0,
773.0,
768.0,
748.0,
770.0,
795.0,
756.0,
606.0,
534.0,
376.0,
289.0,
287.0,
304.0,
283.0,
282.0,
287.0,
348.0,
568.0,
646.0,
684.0,
749.0,
765.0,
746.0,
782.0,
793.0,
783.0,
727.0,
699.0,
701.0,
757.0,
706.0,
689.0,
563.0,
389.0,
300.0,
291.0,
293.0,
296.0,
285.0,
296.0,
361.0,
545.0,
646.0,
774.0,
799.0,
747.0,
743.0,
758.0,
757.0,
763.0,
757.0,
753.0,
745.0,
704.0,
725.0,
707.0,
552.0,
376.0,
296.0,
287.0,
283.0,
290.0,
275.0,
299.0,
365.0,
574.0,
618.0,
714.0,
792.0,
772.0,
825.0,
813.0,
792.0,
784.0,
743.0,
733.0,
784.0,
751.0,
746.0,
724.0,
579.0,
361.0,
314.0,
316.0,
312.0,
303.0,
291.0,
290.0,
364.0,
507.0,
596.0,
711.0,
789.0,
818.0,
848.0,
807.0,
784.0,
807.0,
775.0,
764.0,
787.0,
769.0,
755.0,
765.0,
593.0,
382.0,
326.0,
302.0,
301.0,
311.0,
311.0,
296.0,
369.0,
543.0,
617.0,
717.0,
811.0,
805.0,
826.0,
835.0,
816.0,
832.0,
856.0,
874.0,
827.0,
864.0,
850.0,
794.0,
583.0,
391.0,
327.0,
320.0,
306.0,
302.0,
307.0,
311.0,
384.0,
557.0,
603.0,
776.0,
852.0,
877.0,
878.0,
909.0,
867.0,
855.0,
904.0,
841.0,
847.0,
817.0,
804.0,
774.0,
565.0,
376.0,
310.0,
312.0,
303.0,
298.0,
301.0,
300.0,
294.0,
583.0,
618.0,
800.0,
847.0,
859.0,
850.0,
850.0,
830.0,
836.0,
840.0,
783.0,
800.0,
778.0,
771.0,
653.0,
528.0,
368.0,
284.0,
281.0,
270.0,
260.0,
259.0,
275.0,
344.0,
519.0,
583.0,
723.0,
770.0,
782.0,
795.0,
780.0,
778.0,
806.0,
791.0,
771.0,
755.0,
745.0,
721.0,
694.0,
542.0,
366.0,
298.0,
308.0,
328.0,
308.0,
297.0,
305.0,
384.0,
552.0,
575.0,
717.0,
777.0,
803.0,
778.0,
792.0,
812.0,
788.0,
758.0,
759.0,
759.0,
747.0,
767.0,
751.0,
565.0,
367.0,
313.0,
293.0,
310.0,
285.0,
302.0,
307.0,
353.0,
568.0,
630.0,
736.0,
819.0,
828.0,
812.0,
828.0,
796.0,
796.0,
765.0,
752.0,
743.0,
771.0,
773.0,
737.0,
553.0,
364.0,
328.0,
317.0,
317.0,
308.0,
294.0,
291.0,
334.0,
561.0,
656.0,
754.0,
794.0,
790.0,
808.0,
836.0,
789.0,
756.0,
760.0,
741.0,
728.0,
745.0,
759.0,
763.0,
550.0,
360.0,
316.0,
313.0,
314.0,
317.0,
304.0,
299.0,
350.0,
539.0,
614.0,
774.0,
834.0,
847.0,
806.0,
798.0,
831.0,
787.0,
758.0,
730.0,
761.0,
754.0,
742.0,
751.0,
573.0,
362.0,
312.0,
323.0,
311.0,
311.0,
309.0,
313.0,
341.0,
579.0,
617.0,
758.0,
835.0,
861.0,
844.0,
873.0,
853.0,
832.0,
829.0,
774.0,
784.0,
801.0,
777.0,
718.0,
545.0,
359.0,
291.0,
305.0,
298.0,
288.0,
299.0,
282.0,
310.0,
524.0,
587.0,
792.0,
870.0,
849.0,
821.0,
822.0,
797.0,
790.0,
825.0,
759.0,
770.0,
735.0,
714.0,
657.0,
532.0,
359.0,
286.0,
286.0,
287.0,
286.0,
289.0,
272.0,
350.0,
569.0,
616.0,
687.0,
784.0,
760.0,
755.0,
750.0,
785.0,
752.0,
736.0,
735.0,
710.0,
725.0,
723.0,
687.0,
568.0,
370.0,
293.0,
285.0,
300.0,
285.0,
300.0,
305.0,
364.0,
580.0,
614.0,
706.0,
790.0,
826.0,
812.0,
790.0,
823.0,
784.0,
763.0,
768.0,
738.0,
731.0,
714.0,
695.0,
553.0,
360.0,
270.0,
274.0,
279.0,
261.0,
267.0,
275.0,
297.0,
590.0,
630.0,
742.0,
823.0,
847.0,
783.0,
764.0,
800.0,
793.0,
773.0,
792.0,
773.0,
789.0,
772.0,
723.0,
562.0,
392.0,
380.0,
368.0,
373.0,
381.0,
367.0,
384.0,
380.0,
630.0,
641.0,
768.0,
875.0,
884.0,
840.0,
839.0,
825.0,
795.0,
806.0,
807.0,
796.0,
776.0,
757.0,
755.0,
615.0,
411.0,
336.0,
330.0,
319.0,
309.0,
297.0,
311.0,
373.0,
610.0,
634.0,
795.0,
858.0,
874.0,
892.0,
889.0,
862.0,
851.0,
821.0,
794.0,
803.0,
795.0,
788.0,
769.0,
603.0,
354.0,
304.0,
266.0,
262.0,
259.0,
256.0,
253.0,
310.0,
579.0,
633.0,
760.0,
881.0,
899.0,
841.0,
855.0,
835.0,
800.0,
793.0,
787.0,
772.0,
757.0,
744.0,
742.0,
560.0,
337.0,
281.0,
276.0,
273.0,
264.0,
262.0,
262.0,
316.0,
483.0,
561.0,
743.0,
833.0,
861.0,
821.0,
818.0,
808.0,
825.0,
778.0,
781.0,
792.0,
731.0,
703.0,
647.0,
530.0,
359.0,
281.0,
272.0,
287.0,
273.0,
265.0,
282.0,
307.0,
584.0,
606.0,
708.0,
789.0,
763.0,
749.0,
766.0,
793.0,
761.0,
719.0,
714.0,
721.0,
683.0,
712.0,
710.0,
561.0,
399.0,
334.0,
324.0,
329.0,
324.0,
327.0,
326.0,
385.0,
561.0,
622.0,
736.0,
779.0,
772.0,
804.0,
804.0,
817.0,
768.0,
735.0,
728.0,
718.0,
715.0,
695.0,
694.0,
563.0,
339.0,
269.0,
252.0,
269.0,
283.0,
253.0,
251.0,
271.0,
554.0,
620.0,
707.0,
736.0,
754.0,
776.0,
781.0,
783.0,
786.0,
768.0,
766.0,
739.0,
725.0,
726.0,
727.0,
601.0,
384.0,
290.0,
274.0,
265.0,
279.0,
266.0,
284.0,
345.0,
547.0,
650.0,
684.0,
755.0,
751.0,
787.0,
789.0,
790.0,
783.0,
780.0,
776.0,
792.0,
761.0,
742.0,
734.0,
613.0,
364.0,
281.0,
283.0,
286.0,
284.0,
275.0,
269.0,
314.0,
568.0,
651.0,
748.0,
830.0,
813.0,
807.0,
826.0,
824.0,
811.0,
776.0,
841.0,
788.0,
763.0,
742.0,
728.0,
620.0,
359.0,
279.0,
267.0,
266.0,
277.0,
267.0,
252.0,
302.0,
558.0,
642.0,
741.0,
811.0,
789.0,
812.0,
842.0,
833.0,
810.0,
794.0,
746.0,
749.0,
752.0,
730.0,
726.0,
594.0,
333.0,
258.0,
251.0,
249.0,
251.0,
248.0,
235.0,
340.0,
511.0,
575.0,
722.0,
790.0,
799.0,
856.0,
804.0,
764.0,
740.0,
747.0,
737.0,
709.0,
704.0,
690.0,
647.0,
544.0,
352.0,
283.0,
265.0,
278.0,
278.0,
270.0,
259.0,
267.0,
518.0,
609.0,
699.0,
746.0,
763.0,
762.0,
740.0,
720.0,
743.0,
740.0,
734.0,
723.0,
690.0,
695.0,
706.0,
589.0,
370.0,
296.0,
296.0,
298.0,
284.0,
274.0,
289.0,
285.0,
584.0,
628.0,
705.0,
764.0,
761.0,
750.0,
758.0,
757.0,
789.0,
741.0,
764.0,
755.0,
741.0,
725.0,
723.0,
600.0,
366.0,
276.0,
252.0,
250.0,
257.0,
258.0,
265.0,
355.0,
599.0,
622.0,
684.0,
786.0,
779.0,
789.0,
759.0,
755.0,
806.0,
790.0,
792.0,
780.0,
731.0,
731.0,
740.0,
605.0,
360.0,
292.0,
267.0,
270.0,
272.0,
258.0,
263.0,
340.0,
549.0,
643.0,
709.0,
783.0,
791.0,
798.0,
842.0,
779.0,
795.0,
780.0,
758.0,
768.0,
762.0,
739.0,
753.0,
619.0,
375.0,
292.0,
276.0,
265.0,
265.0,
263.0,
257.0,
356.0,
629.0,
640.0,
731.0,
783.0,
829.0,
864.0,
810.0,
796.0,
758.0,
746.0,
734.0,
734.0,
714.0,
690.0,
706.0,
570.0,
358.0,
267.0,
274.0,
279.0,
263.0,
254.0,
255.0,
268.0,
594.0,
639.0,
752.0,
752.0,
771.0,
788.0,
750.0,
770.0,
746.0,
759.0,
769.0,
709.0,
719.0,
722.0,
747.0,
597.0,
363.0,
281.0,
274.0,
259.0,
259.0,
265.0,
254.0,
280.0,
563.0,
634.0,
709.0,
778.0,
799.0,
758.0,
755.0,
749.0,
737.0,
736.0,
749.0,
716.0,
696.0,
679.0,
631.0,
533.0,
349.0,
275.0,
282.0,
290.0,
283.0,
274.0,
272.0,
339.0,
581.0,
655.0,
689.0,
716.0,
731.0,
760.0,
771.0,
798.0,
753.0,
731.0,
738.0,
757.0,
735.0,
719.0,
722.0,
568.0,
372.0,
320.0,
311.0,
326.0,
313.0,
305.0,
307.0,
346.0,
634.0,
643.0,
677.0,
759.0,
848.0,
796.0,
754.0,
757.0,
743.0,
717.0,
702.0,
691.0,
679.0,
674.0,
711.0,
568.0,
370.0,
299.0,
288.0,
308.0,
297.0,
287.0,
296.0,
328.0,
587.0,
620.0,
700.0,
685.0,
679.0,
711.0,
691.0,
706.0,
812.0,
924.0,
907.0,
903.0,
859.0,
714.0,
723.0,
591.0,
394.0,
323.0,
315.0,
326.0,
349.0,
323.0,
310.0,
378.0,
591.0,
673.0,
711.0,
739.0,
776.0,
826.0,
801.0,
770.0,
791.0,
751.0,
741.0,
722.0,
709.0,
695.0,
757.0,
600.0,
371.0,
286.0,
264.0,
259.0,
276.0,
260.0,
249.0,
277.0,
594.0,
622.0,
738.0,
797.0,
804.0,
797.0,
821.0,
797.0,
803.0,
764.0,
766.0,
748.0,
731.0,
728.0,
720.0,
592.0,
344.0,
268.0,
260.0,
253.0,
263.0,
259.0,
253.0,
332.0,
547.0,
606.0,
745.0,
816.0,
826.0,
812.0,
842.0,
816.0,
825.0,
796.0,
761.0,
795.0,
800.0,
744.0,
729.0,
590.0,
377.0,
304.0,
299.0,
286.0,
296.0,
293.0,
287.0,
347.0,
505.0,
585.0,
726.0,
773.0,
799.0,
831.0,
825.0,
815.0,
829.0,
817.0,
801.0,
813.0,
742.0,
714.0,
647.0,
557.0,
369.0,
319.0,
295.0,
291.0,
294.0,
295.0,
291.0,
353.0,
584.0,
640.0,
686.0,
740.0,
758.0,
861.0,
836.0,
840.0,
840.0,
814.0,
796.0,
782.0,
768.0,
760.0,
754.0,
616.0,
404.0,
319.0,
315.0,
313.0,
309.0,
309.0,
305.0,
337.0,
596.0,
671.0,
769.0,
797.0,
802.0,
803.0,
807.0,
799.0,
791.0,
789.0,
785.0,
748.0,
717.0,
729.0,
729.0,
601.0,
389.0,
310.0,
292.0,
294.0,
292.0,
288.0,
303.0,
325.0,
587.0,
647.0,
773.0,
825.0,
850.0,
840.0,
828.0,
798.0,
794.0,
776.0,
783.0,
764.0,
738.0,
739.0,
738.0,
610.0,
396.0,
317.0,
302.0,
305.0,
303.0,
293.0,
298.0,
327.0,
638.0,
645.0,
748.0,
762.0,
809.0,
774.0,
786.0,
790.0,
771.0,
767.0,
760.0,
709.0,
687.0,
681.0,
719.0,
588.0,
360.0,
280.0,
254.0,
252.0,
269.0,
264.0,
257.0,
308.0,
582.0,
605.0,
738.0,
755.0,
810.0,
825.0,
807.0,
790.0,
789.0,
757.0,
777.0,
779.0,
690.0,
719.0,
746.0,
580.0,
444.0,
337.0,
290.0,
287.0,
303.0,
290.0,
282.0,
357.0,
585.0,
661.0,
736.0,
807.0,
884.0,
881.0,
863.0,
879.0,
908.0,
884.0,
853.0,
817.0,
777.0,
766.0,
779.0,
626.0,
449.0,
331.0,
316.0,
304.0,
308.0,
304.0,
298.0,
315.0,
506.0,
571.0,
781.0,
830.0,
857.0,
841.0,
843.0,
831.0,
856.0,
815.0,
772.0,
777.0,
742.0,
723.0,
638.0,
550.0,
463.0,
322.0,
312.0,
296.0,
296.0,
293.0,
295.0,
360.0,
592.0,
648.0,
711.0,
739.0,
750.0,
755.0,
762.0,
754.0,
751.0,
749.0,
720.0,
712.0,
736.0,
729.0,
729.0,
585.0,
449.0,
377.0,
352.0,
355.0,
341.0,
342.0,
355.0,
416.0,
603.0,
614.0,
711.0,
815.0,
826.0,
835.0,
819.0,
797.0,
821.0,
796.0,
769.0,
784.0,
759.0,
758.0,
775.0,
644.0,
491.0,
422.0,
362.0,
367.0,
412.0,
402.0,
396.0,
431.0,
541.0,
651.0,
734.0,
806.0,
846.0,
837.0,
848.0,
845.0,
811.0,
817.0,
797.0,
809.0,
764.0,
786.0,
782.0,
677.0,
477.0,
430.0,
403.0,
385.0,
382.0,
357.0,
362.0,
454.0,
552.0,
636.0,
734.0,
793.0,
801.0,
837.0,
836.0,
821.0,
811.0,
818.0,
809.0,
801.0,
805.0,
802.0,
794.0,
680.0,
530.0,
449.0,
394.0,
401.0,
382.0,
374.0,
393.0,
456.0,
568.0,
621.0,
727.0,
808.0,
828.0,
844.0,
857.0,
899.0,
855.0,
864.0,
828.0,
804.0,
815.0,
802.0,
785.0,
708.0,
553.0,
507.0,
481.0,
467.0,
467.0,
461.0,
434.0,
438.0,
545.0,
561.0,
721.0,
794.0,
800.0,
828.0,
818.0,
781.0,
774.0,
721.0,
599.0,
557.0,
488.0,
352.0,
368.0,
353.0,
320.0,
281.0,
253.0,
247.0,
254.0,
249.0,
250.0,
246.0,
246.0,
252.0,
304.0,
306.0,
316.0,
307.0,
311.0,
311.0,
316.0,
312.0,
312.0,
317.0,
334.0,
314.0,
327.0,
328.0,
316.0,
270.0,
248.0,
247.0,
253.0,
258.0,
372.0,
339.0,
490.0,
509.0,
626.0,
675.0,
672.0,
658.0,
675.0,
671.0,
663.0,
637.0,
620.0,
597.0,
571.0,
559.0,
555.0,
505.0,
385.0,
324.0,
266.0,
267.0,
257.0,
261.0,
252.0,
325.0,
552.0,
628.0,
728.0,
749.0,
796.0,
776.0,
771.0,
769.0,
758.0,
755.0,
743.0,
782.0,
729.0,
744.0,
711.0,
590.0,
333.0,
265.0,
263.0,
272.0,
270.0,
279.0,
265.0,
294.0,
503.0,
643.0,
753.0,
808.0,
773.0,
757.0,
769.0,
756.0,
743.0,
739.0,
773.0,
769.0,
705.0,
673.0,
676.0,
619.0,
439.0,
326.0,
310.0,
304.0,
314.0,
306.0,
300.0,
357.0,
567.0,
638.0,
731.0,
769.0,
764.0,
776.0,
787.0,
751.0,
740.0,
775.0,
779.0,
717.0,
728.0,
744.0,
733.0,
613.0,
380.0,
313.0,
298.0,
297.0,
295.0,
278.0,
283.0,
350.0,
596.0,
688.0,
748.0,
799.0,
845.0,
847.0,
819.0,
783.0,
778.0,
799.0,
784.0,
759.0,
737.0,
717.0,
732.0,
623.0,
350.0,
283.0,
271.0,
266.0,
282.0,
293.0,
291.0,
329.0,
601.0,
646.0,
724.0,
803.0,
778.0,
859.0,
826.0,
789.0,
822.0,
813.0,
774.0,
764.0,
723.0,
733.0,
710.0,
574.0,
367.0,
337.0,
304.0,
296.0,
301.0,
301.0,
299.0,
361.0,
566.0,
635.0,
721.0,
811.0,
783.0,
794.0,
782.0,
805.0,
810.0,
781.0,
765.0,
776.0,
745.0,
771.0,
669.0,
543.0,
344.0,
277.0,
263.0,
264.0,
268.0,
286.0,
287.0,
292.0,
595.0,
674.0,
783.0,
785.0,
761.0,
799.0,
826.0,
765.0,
771.0,
738.0,
719.0,
726.0,
711.0,
733.0,
730.0,
587.0,
386.0,
360.0,
360.0,
345.0,
346.0,
346.0,
333.0,
381.0,
588.0,
631.0,
695.0,
753.0,
773.0,
804.0,
780.0,
740.0,
752.0,
750.0,
722.0,
711.0,
703.0,
705.0,
718.0,
597.0,
383.0,
321.0,
300.0,
289.0,
299.0,
287.0,
289.0,
303.0,
634.0,
646.0,
715.0,
752.0,
783.0,
812.0,
821.0,
815.0,
823.0,
831.0,
774.0,
776.0,
771.0,
725.0,
735.0,
646.0,
376.0,
309.0,
304.0,
319.0,
320.0,
317.0,
311.0,
353.0,
563.0,
639.0,
724.0,
782.0,
801.0,
792.0,
771.0,
783.0,
764.0,
784.0,
746.0,
736.0,
743.0,
720.0,
712.0,
598.0,
385.0,
334.0,
310.0,
322.0,
319.0,
304.0,
306.0,
356.0,
615.0,
694.0,
748.0,
786.0,
833.0,
812.0,
845.0,
816.0,
828.0,
804.0,
808.0,
795.0,
770.0,
775.0,
758.0,
618.0,
389.0,
315.0,
295.0,
293.0,
294.0,
287.0,
288.0,
391.0,
628.0,
673.0,
752.0,
795.0,
794.0,
805.0,
824.0,
872.0,
864.0,
852.0,
787.0,
804.0,
769.0,
751.0,
760.0,
613.0,
378.0,
319.0,
298.0,
291.0,
296.0,
286.0,
284.0,
343.0,
511.0,
595.0,
754.0,
799.0,
809.0,
860.0,
814.0,
831.0,
823.0,
823.0,
748.0,
778.0,
740.0,
720.0,
690.0,
568.0,
378.0,
319.0,
295.0,
291.0,
302.0,
288.0,
294.0,
378.0,
645.0,
700.0,
740.0,
746.0,
819.0,
820.0,
787.0,
773.0,
768.0,
733.0,
751.0,
714.0,
711.0,
705.0,
716.0,
647.0,
430.0,
366.0,
365.0,
364.0,
374.0,
379.0,
355.0,
383.0,
595.0,
623.0,
720.0,
774.0,
818.0,
821.0,
798.0,
783.0,
750.0,
719.0,
733.0,
738.0,
725.0,
678.0,
699.0,
680.0,
477.0,
408.0,
388.0,
365.0,
366.0,
365.0,
354.0,
414.0,
598.0,
605.0,
722.0,
750.0,
784.0,
772.0,
750.0,
762.0,
761.0,
730.0,
732.0,
732.0,
735.0,
706.0,
701.0,
589.0,
375.0,
325.0,
297.0,
304.0,
310.0,
306.0,
309.0,
376.0,
524.0,
608.0,
709.0,
760.0,
837.0,
782.0,
813.0,
780.0,
795.0,
785.0,
796.0,
782.0,
748.0,
692.0,
701.0,
585.0,
361.0,
301.0,
296.0,
298.0,
286.0,
271.0,
286.0,
355.0,
579.0,
688.0,
743.0,
777.0,
838.0,
788.0,
810.0,
784.0,
804.0,
817.0,
834.0,
768.0,
771.0,
758.0,
750.0,
631.0,
406.0,
320.0,
307.0,
313.0,
320.0,
316.0,
310.0,
351.0,
637.0,
685.0,
771.0,
810.0,
870.0,
871.0,
894.0,
868.0,
891.0,
873.0,
832.0,
819.0,
754.0,
750.0,
759.0,
601.0,
405.0,
356.0,
328.0,
317.0,
314.0,
311.0,
322.0,
378.0,
523.0,
593.0,
776.0,
820.0,
841.0,
846.0,
807.0,
810.0,
821.0,
826.0,
793.0,
786.0,
784.0,
777.0,
714.0,
575.0,
401.0,
344.0,
312.0,
307.0,
307.0,
309.0,
306.0,
386.0,
579.0,
651.0,
705.0,
743.0,
766.0,
786.0,
770.0,
760.0,
798.0,
786.0,
741.0,
751.0,
755.0,
750.0,
757.0,
682.0,
429.0,
370.0,
347.0,
340.0,
343.0,
350.0,
363.0,
469.0,
611.0,
659.0,
762.0,
793.0,
811.0,
810.0,
809.0,
748.0,
756.0,
772.0,
770.0,
772.0,
742.0,
737.0,
752.0,
659.0,
496.0,
446.0,
462.0,
438.0,
344.0,
327.0,
318.0,
382.0,
553.0,
659.0,
729.0,
779.0,
795.0,
790.0,
801.0,
800.0,
791.0,
797.0,
755.0,
739.0,
743.0,
734.0,
747.0,
634.0,
394.0,
330.0,
326.0,
328.0,
336.0,
316.0,
318.0,
339.0,
615.0,
692.0,
770.0,
739.0,
759.0,
787.0,
796.0,
788.0,
844.0,
775.0,
778.0,
814.0,
741.0,
730.0,
735.0,
608.0,
385.0,
337.0,
332.0,
331.0,
332.0,
323.0,
339.0,
375.0,
599.0,
675.0,
772.0,
750.0,
824.0,
811.0,
796.0,
812.0,
793.0,
798.0,
791.0,
811.0,
817.0,
804.0,
762.0,
639.0,
397.0,
331.0,
311.0,
313.0,
316.0,
300.0,
302.0,
303.0,
563.0,
691.0,
736.0,
779.0,
793.0,
853.0,
825.0,
878.0,
911.0,
870.0,
850.0,
796.0,
778.0,
807.0,
781.0,
643.0,
385.0,
338.0,
311.0,
315.0,
319.0,
309.0,
299.0,
300.0,
562.0,
601.0,
783.0,
825.0,
848.0,
873.0,
832.0,
862.0,
840.0,
832.0,
829.0,
783.0,
768.0,
758.0,
692.0,
585.0,
430.0,
391.0,
372.0,
373.0,
380.0,
354.0,
367.0,
372.0,
619.0,
675.0,
777.0,
792.0,
807.0,
830.0,
797.0,
871.0,
1048.0,
1044.0,
1060.0,
1059.0,
1039.0,
976.0,
916.0,
727.0,
500.0,
451.0,
420.0,
447.0,
474.0,
445.0,
412.0,
447.0,
644.0,
793.0,
902.0,
894.0,
901.0,
947.0,
962.0,
936.0,
959.0,
955.0,
964.0,
963.0,
962.0,
889.0,
806.0,
690.0,
462.0,
395.0,
387.0,
363.0,
349.0,
331.0,
330.0,
404.0,
642.0,
739.0,
805.0,
901.0,
924.0,
1000.0,
1012.0,
997.0,
1007.0,
976.0,
957.0,
954.0,
960.0,
882.0,
829.0,
714.0,
485.0,
420.0,
396.0,
418.0,
407.0,
390.0,
378.0,
424.0,
615.0,
702.0,
804.0,
846.0,
1002.0,
982.0,
985.0,
954.0,
993.0,
995.0,
977.0,
963.0,
960.0,
952.0,
894.0,
744.0,
453.0,
367.0,
336.0,
340.0,
339.0,
331.0,
325.0,
370.0,
541.0,
691.0,
847.0,
917.0,
992.0,
1000.0,
951.0,
963.0,
1021.0,
1020.0,
940.0,
945.0,
903.0,
880.0,
834.0,
695.0,
452.0,
368.0,
343.0,
352.0,
348.0,
333.0,
331.0,
333.0,
635.0,
732.0,
844.0,
946.0,
983.0,
1002.0,
944.0,
1007.0,
1033.0,
992.0,
972.0,
968.0,
906.0,
886.0,
850.0,
691.0,
470.0,
377.0,
359.0,
351.0,
355.0,
330.0,
335.0,
378.0,
566.0,
691.0,
850.0,
964.0,
1023.0,
1022.0,
970.0,
1025.0,
1036.0,
986.0,
1022.0,
964.0,
949.0,
914.0,
802.0,
663.0,
473.0,
395.0,
371.0,
373.0,
366.0,
332.0,
333.0,
404.0,
560.0,
706.0,
857.0,
898.0,
936.0,
965.0,
935.0,
932.0,
976.0,
938.0,
903.0,
899.0,
901.0,
876.0,
814.0,
721.0,
464.0,
403.0,
379.0,
380.0,
390.0,
348.0,
335.0,
395.0,
571.0,
717.0,
766.0,
781.0,
856.0,
873.0,
888.0,
922.0,
912.0,
869.0,
859.0,
871.0,
865.0,
814.0,
765.0,
659.0,
427.0,
357.0,
326.0,
309.0,
306.0,
298.0,
286.0,
342.0,
651.0,
702.0,
776.0,
773.0,
831.0,
854.0,
877.0,
898.0,
886.0,
881.0,
861.0,
862.0,
896.0,
804.0,
769.0,
663.0,
402.0,
324.0,
310.0,
318.0,
320.0,
309.0,
289.0,
340.0,
603.0,
681.0,
773.0,
827.0,
883.0,
918.0,
917.0,
902.0,
909.0,
918.0,
897.0,
872.0,
855.0,
821.0,
832.0,
709.0,
456.0,
350.0,
338.0,
332.0,
328.0,
323.0,
307.0,
360.0,
595.0,
685.0,
800.0,
853.0,
923.0,
948.0,
940.0,
929.0,
969.0,
933.0,
926.0,
930.0,
899.0,
876.0,
838.0,
774.0,
574.0,
483.0,
499.0,
499.0,
484.0,
454.0,
447.0,
464.0,
765.0,
730.0,
809.0,
871.0,
934.0,
957.0,
939.0,
1006.0,
1033.0,
1002.0,
962.0,
949.0,
909.0,
875.0,
844.0,
724.0,
511.0,
421.0,
397.0,
409.0,
413.0,
375.0,
360.0,
373.0,
621.0,
671.0,
837.0,
862.0,
916.0,
929.0,
886.0,
898.0,
943.0,
910.0,
906.0,
916.0,
871.0,
807.0,
709.0,
635.0,
472.0,
387.0,
391.0,
389.0,
387.0,
373.0,
363.0,
423.0,
683.0,
728.0,
803.0,
855.0,
805.0,
829.0,
862.0,
881.0,
860.0,
851.0,
826.0,
836.0,
829.0,
801.0,
764.0,
653.0,
459.0,
387.0,
376.0,
402.0,
368.0,
369.0,
354.0,
408.0,
652.0,
684.0,
773.0,
843.0,
847.0,
838.0,
814.0,
831.0,
843.0,
856.0,
613.0,
722.0,
753.0,
745.0,
745.0,
632.0,
418.0,
345.0,
330.0,
331.0,
343.0,
337.0,
334.0,
405.0,
619.0,
675.0,
723.0,
788.0,
838.0,
816.0,
888.0,
873.0,
928.0,
901.0,
856.0,
862.0,
855.0,
826.0,
834.0,
695.0,
485.0,
387.0,
382.0,
368.0,
383.0,
362.0,
369.0,
386.0,
634.0,
697.0,
771.0,
838.0,
898.0,
890.0,
953.0,
1002.0,
963.0,
1009.0,
1009.0,
993.0,
950.0,
950.0,
897.0,
824.0,
623.0,
457.0,
394.0,
391.0,
405.0,
373.0,
377.0,
386.0,
739.0,
748.0,
932.0,
989.0,
1032.0,
1038.0,
1062.0,
1140.0,
1094.0,
1114.0,
1066.0,
1077.0,
1050.0,
1025.0,
952.0,
819.0,
594.0,
509.0,
456.0,
479.0,
469.0,
447.0,
438.0,
457.0,
744.0,
821.0,
938.0,
1022.0,
1095.0,
1172.0,
1259.0,
1290.0,
1294.0,
1303.0,
1248.0,
1221.0,
1225.0,
1203.0,
1077.0,
920.0,
652.0,
549.0,
512.0,
535.0,
502.0,
494.0,
486.0,
545.0,
704.0,
812.0,
976.0,
1064.0,
1054.0,
1089.0,
1119.0,
1126.0,
1174.0,
1182.0,
1132.0,
1140.0,
1112.0,
1038.0,
900.0,
754.0,
570.0,
494.0,
462.0,
470.0,
454.0,
468.0,
474.0,
524.0,
766.0,
841.0,
958.0,
1007.0,
1052.0,
1101.0,
1111.0,
1127.0,
1149.0,
1091.0,
1126.0,
1137.0,
1067.0,
1015.0,
929.0,
819.0,
582.0,
509.0,
476.0,
479.0,
456.0,
439.0,
442.0,
492.0,
730.0,
803.0,
902.0,
1021.0,
1044.0,
1094.0,
1143.0,
1184.0,
1224.0,
1238.0,
1200.0,
1209.0,
1194.0,
1090.0,
1070.0,
889.0,
645.0,
559.0,
511.0,
501.0,
492.0,
448.0,
452.0,
498.0,
748.0,
835.0,
940.0,
1062.0,
1185.0,
1212.0,
1246.0,
1242.0,
1227.0,
1222.0,
1241.0,
1245.0,
1212.0,
1127.0,
1077.0,
887.0,
679.0,
527.0,
464.0,
484.0,
463.0,
441.0,
450.0,
485.0,
690.0,
855.0,
1051.0,
1244.0,
219.0,
1213.0,
1274.0,
1256.0,
1281.0,
1264.0,
1315.0,
1324.0,
1241.0,
1178.0,
1095.0,
857.0,
620.0,
560.0,
536.0,
504.0,
458.0,
446.0,
444.0,
469.0,
775.0,
865.0,
1119.0,
1196.0,
1213.0,
1285.0,
1309.0,
1275.0,
1347.0,
1330.0,
1284.0,
1251.0,
1099.0,
1050.0,
965.0,
802.0,
628.0,
572.0,
535.0,
518.0,
523.0,
534.0,
522.0,
533.0,
788.0,
828.0,
946.0,
1178.0,
1206.0,
1237.0,
1239.0,
1199.0,
1229.0,
1230.0,
1189.0,
1215.0,
1124.0,
1083.0,
1012.0,
775.0,
567.0,
526.0,
482.0,
459.0,
429.0,
401.0,
391.0,
392.0,
613.0,
695.0,
960.0,
1127.0,
1128.0,
1137.0,
1188.0,
1164.0,
1187.0,
1151.0,
1176.0,
1128.0,
1064.0,
1022.0,
922.0,
736.0,
560.0,
443.0,
437.0,
431.0,
398.0,
403.0,
383.0,
387.0,
663.0,
754.0,
928.0,
1077.0,
1093.0,
1143.0,
1161.0,
1119.0,
1144.0,
1138.0,
1124.0,
1134.0,
1044.0,
987.0,
927.0,
747.0,
534.0,
460.0,
435.0,
431.0,
402.0,
398.0,
421.0,
406.0,
645.0,
751.0,
886.0,
994.0,
1047.0,
1075.0,
1055.0,
1038.0,
1100.0,
1099.0,
1056.0,
1053.0,
988.0,
980.0,
941.0,
717.0,
475.0,
405.0,
384.0,
383.0,
358.0,
362.0,
355.0,
375.0,
670.0,
770.0,
911.0,
955.0,
988.0,
1036.0,
1062.0,
1036.0,
1001.0,
954.0,
958.0,
987.0,
963.0,
962.0,
913.0,
717.0,
523.0,
476.0,
453.0,
437.0,
418.0,
427.0,
415.0,
430.0,
648.0,
757.0,
908.0,
1023.0,
1036.0,
1076.0,
1115.0,
1090.0,
1044.0,
1067.0,
1061.0,
1088.0,
1078.0,
1007.0,
984.0,
779.0,
525.0,
461.0,
461.0,
452.0,
437.0,
416.0,
405.0,
432.0,
703.0,
782.0,
914.0,
1088.0,
1094.0,
1165.0,
1132.0,
1129.0,
1185.0,
1190.0,
1222.0,
1200.0,
1173.0,
1097.0,
1064.0,
832.0,
624.0,
477.0,
458.0,
444.0,
425.0,
424.0,
431.0,
427.0,
736.0,
813.0,
960.0,
1150.0,
1193.0,
1216.0,
1223.0,
1255.0,
1186.0,
1193.0,
1208.0,
1169.0,
1128.0,
1031.0,
985.0,
751.0,
540.0,
449.0,
438.0,
440.0,
429.0,
435.0,
428.0,
448.0,
701.0,
780.0,
948.0,
1099.0,
1079.0,
1129.0,
1117.0,
1123.0,
1124.0,
1088.0,
1038.0,
1019.0,
994.0,
924.0,
841.0,
678.0,
494.0,
421.0,
410.0,
393.0,
364.0,
363.0,
355.0,
383.0,
675.0,
809.0,
959.0,
1070.0,
1112.0,
1074.0,
1087.0,
1090.0,
1038.0,
1041.0,
994.0,
951.0,
890.0,
875.0,
860.0,
684.0,
443.0,
377.0,
366.0,
355.0,
335.0,
336.0,
324.0,
357.0,
556.0,
723.0,
869.0,
967.0,
1011.0,
1050.0,
991.0,
968.0,
992.0,
996.0,
976.0,
943.0,
921.0,
897.0,
888.0,
726.0,
474.0,
401.0,
364.0,
345.0,
342.0,
316.0,
320.0,
384.0,
613.0,
710.0,
860.0,
972.0,
1026.0,
1037.0,
1064.0,
1039.0,
1089.0,
1043.0,
1040.0,
1026.0,
1040.0,
1002.0,
941.0,
731.0,
480.0,
379.0,
367.0,
341.0,
367.0,
367.0,
359.0,
425.0,
649.0,
746.0,
894.0,
933.0,
1001.0,
977.0,
989.0,
991.0,
1041.0,
1023.0,
1000.0,
959.0,
970.0,
939.0,
907.0,
731.0,
468.0,
392.0,
358.0,
335.0,
363.0,
347.0,
329.0,
393.0,
622.0,
706.0,
842.0,
875.0,
931.0,
963.0,
976.0,
957.0,
980.0,
988.0,
1071.0,
1055.0,
1017.0,
995.0,
944.0,
765.0,
471.0,
397.0,
387.0,
359.0,
353.0,
338.0,
321.0,
400.0,
654.0,
711.0,
842.0,
949.0,
1039.0,
1078.0,
1090.0,
1094.0,
1125.0,
1146.0,
1112.0,
1075.0,
1049.0,
1005.0,
938.0,
707.0,
498.0,
426.0,
390.0,
382.0,
391.0,
389.0,
372.0,
404.0,
623.0,
702.0,
908.0,
999.0,
1066.0,
1057.0,
1033.0,
1052.0,
1076.0,
1064.0,
1037.0,
1023.0,
991.0,
970.0,
915.0,
759.0,
483.0,
395.0,
373.0,
345.0,
355.0,
336.0,
325.0,
305.0,
566.0,
674.0,
916.0,
925.0,
964.0,
1014.0,
1028.0,
1032.0,
1056.0,
1030.0,
1012.0,
1005.0,
1037.0,
949.0,
896.0,
711.0,
491.0,
412.0,
395.0,
375.0,
392.0,
389.0,
345.0,
331.0,
610.0,
696.0,
924.0,
947.0,
975.0,
1008.0,
1060.0,
1077.0,
1116.0,
1106.0,
1100.0,
1080.0,
1084.0,
955.0,
927.0,
748.0,
528.0,
472.0,
439.0,
415.0,
424.0,
413.0,
392.0,
411.0,
628.0,
715.0,
916.0,
924.0,
1010.0,
1090.0,
1109.0,
1103.0,
1147.0,
1143.0,
1145.0,
1131.0,
1112.0,
1021.0,
948.0,
810.0,
514.0,
412.0,
386.0,
385.0,
394.0,
369.0,
345.0,
377.0,
646.0,
744.0,
845.0,
966.0,
1086.0,
1094.0,
1161.0,
1195.0,
1208.0,
1228.0,
1232.0,
1176.0,
1162.0,
1040.0,
978.0,
778.0,
518.0,
420.0,
391.0,
391.0,
404.0,
416.0,
390.0,
387.0,
713.0,
807.0,
945.0,
1181.0,
1229.0,
1267.0,
1314.0,
1300.0,
1293.0,
1281.0,
1283.0,
1238.0,
1229.0,
1093.0,
1006.0,
930.0,
588.0,
494.0,
437.0,
435.0,
437.0,
415.0,
413.0,
439.0,
813.0,
881.0,
1045.0,
1214.0,
1229.0,
1274.0,
1275.0,
1335.0,
1360.0,
1328.0,
1276.0,
1263.0,
1215.0,
1112.0,
1027.0,
859.0,
611.0,
489.0,
450.0,
441.0,
476.0,
474.0,
448.0,
485.0,
703.0,
819.0,
991.0,
1102.0,
1043.0,
1042.0,
1068.0,
1152.0,
1183.0,
1163.0,
1119.0,
1091.0,
1067.0,
987.0,
877.0,
719.0,
536.0,
455.0,
407.0,
386.0,
389.0,
400.0,
372.0,
425.0,
668.0,
706.0,
858.0,
998.0,
1085.0,
1109.0,
1114.0,
1125.0,
1102.0,
1072.0,
1067.0,
1045.0,
1009.0,
967.0,
934.0,
793.0,
549.0,
472.0,
428.0,
402.0,
403.0,
398.0,
383.0,
431.0,
681.0,
746.0,
840.0,
1010.0,
1074.0,
1150.0,
1151.0,
1115.0,
1085.0,
1059.0,
966.0,
930.0,
917.0,
905.0,
881.0,
740.0,
489.0,
416.0,
385.0,
380.0,
380.0,
384.0,
347.0,
405.0,
670.0,
717.0,
846.0,
927.0,
943.0,
979.0,
975.0,
994.0,
1017.0,
1013.0,
987.0,
1017.0,
995.0,
963.0,
938.0,
772.0,
551.0,
458.0,
410.0,
407.0,
370.0,
363.0,
370.0,
408.0,
686.0,
725.0,
813.0,
965.0,
1030.0,
1014.0,
1065.0,
1047.0,
1053.0,
1051.0,
1019.0,
1026.0,
1031.0,
1011.0,
980.0,
774.0,
552.0,
455.0,
411.0,
404.0,
390.0,
378.0,
374.0,
431.0,
654.0,
747.0,
897.0,
993.0,
1034.0,
1124.0,
1122.0,
1144.0,
1152.0,
1152.0,
1101.0,
1118.0,
1113.0,
1068.0,
958.0,
769.0,
536.0,
452.0,
397.0,
385.0,
367.0,
373.0,
367.0,
424.0,
660.0,
762.0,
978.0,
1075.0,
1135.0,
1156.0,
1165.0,
1199.0,
1183.0,
1192.0,
1101.0,
1093.0,
1061.0,
1042.0,
947.0,
782.0,
539.0,
450.0,
407.0,
407.0,
400.0,
386.0,
392.0,
456.0,
658.0,
768.0,
953.0,
1023.0,
1054.0,
1085.0,
1118.0,
1096.0,
1085.0,
1082.0,
1056.0,
1050.0,
1005.0,
1016.0,
896.0,
718.0,
552.0,
456.0,
421.0,
420.0,
391.0,
390.0,
369.0,
429.0,
682.0,
739.0,
808.0,
1006.0,
1131.0,
1154.0,
1121.0,
1172.0,
1213.0,
1213.0,
1160.0,
1172.0,
1149.0,
1071.0,
979.0,
820.0,
593.0,
508.0,
465.0,
448.0,
420.0,
401.0,
401.0,
450.0,
717.0,
744.0,
872.0,
974.0,
1077.0,
1092.0,
1134.0,
1158.0,
1172.0,
1164.0,
1138.0,
1120.0,
1103.0,
1092.0,
967.0,
758.0,
533.0,
441.0,
442.0,
443.0,
431.0,
434.0,
444.0,
496.0,
734.0,
751.0,
858.0,
1001.0,
1104.0,
1140.0,
1188.0,
1196.0,
1242.0,
1229.0,
1221.0,
1171.0,
1142.0,
1076.0,
953.0,
780.0,
572.0,
476.0,
472.0,
457.0,
440.0,
427.0,
415.0,
427.0,
704.0,
750.0,
906.0,
1010.0,
1076.0,
1139.0,
1170.0,
1204.0,
1223.0,
1214.0,
1242.0,
1185.0,
1172.0,
1132.0,
1008.0,
783.0,
563.0,
482.0,
465.0,
465.0,
434.0,
405.0,
409.0,
446.0,
736.0,
799.0,
906.0,
1063.0,
1103.0,
1163.0,
1214.0,
1235.0,
1219.0,
1187.0,
1211.0,
1179.0,
1257.0,
1150.0,
983.0,
770.0,
550.0,
468.0,
436.0,
444.0,
427.0,
429.0,
409.0,
436.0,
645.0,
721.0,
952.0,
1113.0,
1217.0,
1293.0,
1326.0,
1316.0,
1352.0,
1293.0,
1310.0,
1289.0,
1226.0,
1172.0,
1009.0,
761.0,
529.0,
456.0,
443.0,
425.0,
416.0,
398.0,
400.0,
414.0,
647.0,
746.0,
1013.0,
1141.0,
1178.0,
1191.0,
1203.0,
1226.0,
1211.0,
1181.0,
1188.0,
1195.0,
1161.0,
1124.0,
1021.0,
763.0,
559.0,
473.0,
465.0,
443.0,
451.0,
454.0,
464.0,
464.0,
710.0,
695.0,
975.0,
1092.0,
1197.0,
1219.0,
1268.0,
1252.0,
1319.0,
1284.0,
1298.0,
1274.0,
1274.0,
1223.0,
1043.0,
807.0,
577.0,
480.0,
464.0,
445.0,
428.0,
414.0,
411.0,
459.0,
713.0,
760.0,
964.0,
1073.0,
1185.0,
1229.0,
1206.0,
1221.0,
1259.0,
1230.0,
1247.0,
1190.0,
1165.0,
1120.0,
984.0,
812.0,
554.0,
437.0,
421.0,
417.0,
408.0,
407.0,
388.0,
415.0,
643.0,
731.0,
893.0,
989.0,
1081.0,
1156.0,
1145.0,
1122.0,
1138.0,
1119.0,
1140.0,
1069.0,
1033.0,
1039.0,
964.0,
797.0,
547.0,
437.0,
423.0,
417.0,
412.0,
421.0,
406.0,
438.0,
694.0,
789.0,
915.0,
994.0,
1110.0,
1102.0,
1118.0,
1140.0,
1163.0,
1192.0,
1186.0,
1169.0,
1140.0,
1105.0,
972.0,
760.0,
531.0,
440.0,
398.0,
395.0,
384.0,
383.0,
371.0,
397.0,
650.0,
750.0,
981.0,
1116.0,
1227.0,
1266.0,
1224.0,
1240.0,
1312.0,
1330.0,
1324.0,
1300.0,
1282.0,
1213.0,
1062.0,
810.0,
584.0,
512.0,
476.0,
456.0,
445.0,
465.0,
464.0,
470.0,
700.0,
809.0,
984.0,
1123.0,
1211.0,
1206.0,
1256.0,
1253.0,
1323.0,
1344.0,
1306.0,
1273.0,
1215.0,
1144.0,
993.0,
783.0,
557.0,
509.0,
500.0,
472.0,
458.0,
443.0,
444.0,
496.0,
722.0,
780.0,
985.0,
1120.0,
1221.0,
1231.0,
1281.0,
1295.0,
1236.0,
1243.0,
1255.0,
1234.0,
1169.0,
1141.0,
944.0,
737.0,
584.0,
479.0,
456.0,
443.0,
439.0,
431.0,
420.0,
456.0,
673.0,
794.0,
901.0,
936.0,
1056.0,
1019.0,
1050.0,
1046.0,
1027.0,
1040.0,
1044.0,
1034.0,
1007.0,
1002.0,
963.0,
765.0,
589.0,
483.0,
449.0,
438.0,
418.0,
412.0,
397.0,
389.0,
620.0,
740.0,
871.0,
991.0,
1062.0,
1118.0,
1136.0,
1121.0,
1120.0,
1146.0,
1131.0,
1103.0,
1073.0,
1046.0,
966.0,
828.0,
630.0,
520.0,
476.0,
431.0,
418.0,
428.0,
415.0,
424.0,
778.0,
808.0,
876.0,
989.0,
1092.0,
1129.0,
1164.0,
1166.0,
1152.0,
1185.0,
1226.0,
1298.0,
1253.0,
1131.0,
996.0,
811.0,
587.0,
530.0,
506.0,
486.0,
475.0,
494.0,
497.0,
510.0,
731.0,
785.0,
967.0,
1067.0,
1140.0,
1211.0,
1219.0,
1218.0,
1280.0,
1285.0,
1279.0,
1260.0,
1243.0,
1173.0,
1051.0,
807.0,
542.0,
493.0,
488.0,
478.0,
442.0,
433.0,
420.0,
411.0,
723.0,
778.0,
910.0,
936.0,
992.0,
1005.0,
1006.0,
980.0,
998.0,
968.0,
933.0,
932.0,
928.0,
895.0,
847.0,
683.0,
416.0,
350.0,
342.0,
336.0,
324.0,
324.0,
313.0,
342.0,
661.0,
749.0,
871.0,
918.0,
993.0,
1048.0,
1059.0,
1040.0,
1067.0,
1054.0,
1031.0,
996.0,
984.0,
972.0,
901.0,
704.0,
451.0,
381.0,
349.0,
329.0,
332.0,
349.0,
341.0,
340.0,
597.0,
664.0,
846.0,
958.0,
993.0,
1040.0,
1034.0,
1000.0,
1032.0,
1011.0,
1031.0,
1027.0,
991.0,
942.0,
826.0,
670.0,
494.0,
450.0,
415.0,
393.0,
397.0,
399.0,
382.0,
466.0,
655.0,
752.0,
913.0,
981.0,
1051.0,
1040.0,
1004.0,
1011.0,
1012.0,
999.0,
1000.0,
983.0,
946.0,
929.0,
926.0,
793.0,
532.0,
446.0,
423.0,
396.0,
393.0,
402.0,
388.0,
381.0,
634.0,
735.0,
897.0,
958.0,
1004.0,
1028.0,
1047.0,
1019.0,
1053.0,
1061.0,
1056.0,
1013.0,
949.0,
943.0,
929.0,
772.0,
476.0,
435.0,
435.0,
395.0,
389.0,
382.0,
367.0,
429.0,
638.0,
730.0,
861.0,
914.0,
990.0,
1025.0,
1029.0,
1009.0,
1071.0,
1037.0,
1067.0,
1073.0,
1068.0,
1041.0,
991.0,
793.0,
547.0,
432.0,
443.0,
445.0,
431.0,
425.0,
426.0,
427.0,
693.0,
771.0,
912.0,
998.0,
1005.0,
1049.0,
1084.0,
1051.0,
1050.0,
1038.0,
1036.0,
1027.0,
1003.0,
1003.0,
988.0,
775.0,
534.0,
464.0,
431.0,
419.0,
407.0,
402.0,
403.0,
463.0,
738.0,
779.0,
884.0,
971.0,
1007.0,
1029.0,
1009.0,
1034.0,
1000.0,
1007.0,
1022.0,
1005.0,
970.0,
960.0,
977.0,
756.0,
506.0,
428.0,
397.0,
387.0,
385.0,
393.0,
388.0,
412.0,
691.0,
729.0,
887.0,
986.0,
1047.0,
1071.0,
1070.0,
1069.0,
1089.0,
1077.0,
1062.0,
1062.0,
1035.0,
997.0,
977.0,
754.0,
519.0,
450.0,
407.0,
395.0,
390.0,
361.0,
399.0,
461.0,
618.0,
720.0,
904.0,
1030.0,
1041.0,
1039.0,
1058.0,
1049.0,
1039.0,
1021.0,
1061.0,
1009.0,
997.0,
991.0,
874.0,
696.0,
519.0,
437.0,
408.0,
407.0,
403.0,
400.0,
394.0,
443.0,
660.0,
765.0,
932.0,
643.0,
385.0,
1101.0,
1165.0,
1119.0,
1206.0,
1155.0,
1157.0,
1139.0,
1136.0,
1023.0,
968.0,
745.0,
528.0,
441.0,
517.0,
509.0,
496.0,
466.0,
430.0,
435.0,
670.0,
774.0,
883.0,
939.0,
969.0,
927.0,
938.0,
970.0,
1030.0,
1084.0,
1092.0,
1096.0,
1051.0,
1023.0,
950.0,
743.0,
540.0,
467.0,
462.0,
461.0,
429.0,
443.0,
438.0,
490.0,
710.0,
768.0,
896.0,
984.0,
1000.0,
1030.0,
1016.0,
1025.0,
1050.0,
1008.0,
997.0,
978.0,
955.0,
933.0,
901.0,
722.0,
483.0,
433.0,
410.0,
393.0,
380.0,
374.0,
385.0,
439.0,
677.0,
745.0,
955.0,
1012.0,
1044.0,
1041.0,
1046.0,
1035.0,
1059.0,
1022.0,
1016.0,
1062.0,
1007.0,
977.0,
933.0,
730.0,
500.0,
417.0,
395.0,
384.0,
381.0,
373.0,
380.0,
428.0,
689.0,
772.0,
887.0,
1007.0,
1057.0,
1086.0,
1152.0,
1129.0,
1161.0,
1162.0,
1122.0,
1061.0,
1053.0,
985.0,
896.0,
703.0,
485.0,
409.0,
384.0,
368.0,
356.0,
360.0,
365.0,
426.0,
635.0,
721.0,
890.0,
967.0,
966.0,
1063.0,
1018.0,
1036.0,
1025.0,
990.0,
986.0,
954.0,
1001.0,
924.0,
907.0,
711.0,
469.0,
379.0,
353.0,
345.0,
338.0,
335.0,
355.0,
409.0,
572.0,
665.0,
842.0,
961.0,
1023.0,
1017.0,
1035.0,
1022.0,
1015.0,
1021.0,
984.0,
967.0,
964.0,
885.0,
809.0,
670.0,
476.0,
403.0,
394.0,
418.0,
370.0,
389.0,
379.0,
392.0,
699.0,
774.0,
872.0,
937.0,
991.0,
1000.0,
1000.0,
985.0,
977.0,
989.0,
951.0,
960.0,
912.0,
874.0,
868.0,
714.0,
513.0,
458.0,
418.0,
440.0,
443.0,
435.0,
427.0,
560.0,
609.0,
656.0,
856.0,
954.0,
1051.0,
1096.0,
1114.0,
1121.0,
1123.0,
1108.0,
1110.0,
1128.0,
1098.0,
1023.0,
956.0,
753.0,
560.0,
489.0,
468.0,
467.0,
478.0,
461.0,
453.0,
515.0,
732.0,
769.0,
914.0,
951.0,
931.0,
923.0,
938.0,
995.0,
973.0,
1005.0,
1000.0,
987.0,
974.0,
952.0,
863.0,
727.0,
484.0,
392.0,
382.0,
387.0,
388.0,
376.0,
373.0,
436.0,
699.0,
725.0,
810.0,
895.0,
950.0,
1010.0,
1048.0,
1041.0,
1013.0,
978.0,
982.0,
985.0,
996.0,
969.0,
869.0,
747.0,
477.0,
379.0,
334.0,
341.0,
340.0,
349.0,
328.0,
453.0,
679.0,
728.0,
819.0,
925.0,
992.0,
997.0,
1054.0,
1015.0,
1048.0,
1013.0,
1030.0,
1021.0,
1010.0,
986.0,
950.0,
762.0,
497.0,
405.0,
386.0,
362.0,
338.0,
364.0,
348.0,
405.0,
703.0,
697.0,
803.0,
939.0,
1036.0,
1083.0,
1115.0,
1100.0,
1078.0,
1050.0,
992.0,
983.0,
966.0,
918.0,
896.0,
715.0,
471.0,
387.0,
349.0,
341.0,
337.0,
337.0,
325.0,
398.0,
648.0,
670.0,
813.0,
894.0,
954.0,
1040.0,
1039.0,
1070.0,
1097.0,
1066.0,
1068.0,
1032.0,
983.0,
989.0,
852.0,
679.0,
483.0,
386.0,
380.0,
362.0,
363.0,
329.0,
344.0,
443.0,
668.0,
701.0,
808.0,
895.0,
989.0,
1047.0,
1046.0,
1016.0,
1002.0,
993.0,
1018.0,
988.0,
967.0,
969.0,
931.0,
694.0,
466.0,
369.0,
386.0,
393.0,
376.0,
363.0,
358.0,
452.0,
707.0,
689.0,
847.0,
910.0,
992.0,
1028.0,
1042.0,
1028.0,
1037.0,
996.0,
1014.0,
1006.0,
999.0,
956.0,
947.0,
770.0,
517.0,
411.0,
389.0,
355.0,
339.0,
328.0,
332.0,
366.0,
686.0,
728.0,
889.0,
925.0,
967.0,
1000.0,
1011.0,
1032.0,
1047.0,
1031.0,
1046.0,
1073.0,
1033.0,
1009.0,
952.0,
749.0,
482.0,
400.0,
372.0,
356.0,
358.0,
366.0,
362.0,
452.0,
675.0,
692.0,
845.0,
956.0,
1043.0,
1049.0,
1083.0,
1125.0,
1103.0,
1034.0,
1028.0,
1025.0,
1022.0,
989.0,
923.0,
719.0,
486.0,
400.0,
378.0,
363.0,
333.0,
316.0,
314.0,
391.0,
666.0,
687.0,
844.0,
910.0,
957.0,
1022.0,
999.0,
1083.0,
1081.0,
1051.0,
1063.0,
1076.0,
1042.0,
1034.0,
989.0,
771.0,
502.0,
400.0,
376.0,
361.0,
363.0,
355.0,
339.0,
416.0,
695.0,
734.0,
907.0,
948.0,
1013.0,
1040.0,
1054.0,
1051.0,
1045.0,
1061.0,
1070.0,
1028.0,
997.0,
979.0,
921.0,
732.0,
475.0,
401.0,
383.0,
374.0,
351.0,
326.0,
319.0,
385.0,
625.0,
725.0,
802.0,
918.0,
972.0,
1031.0,
1037.0,
1054.0,
1044.0,
1024.0,
1041.0,
1003.0,
960.0,
956.0,
866.0,
665.0,
477.0,
398.0,
379.0,
379.0,
362.0,
329.0,
328.0,
399.0,
690.0,
707.0,
826.0,
880.0,
957.0,
1021.0,
1025.0,
1016.0,
1000.0,
969.0,
970.0,
994.0,
954.0,
932.0,
890.0,
704.0,
449.0,
357.0,
329.0,
333.0,
324.0,
300.0,
301.0,
429.0,
668.0,
714.0,
824.0,
868.0,
924.0,
967.0,
1036.0,
992.0,
996.0,
989.0,
982.0,
968.0,
939.0,
940.0,
890.0,
698.0,
453.0,
371.0,
368.0,
359.0,
344.0,
347.0,
332.0,
390.0,
672.0,
682.0,
794.0,
820.0,
867.0,
908.0,
902.0,
903.0,
949.0,
892.0,
932.0,
955.0,
892.0,
887.0,
867.0,
694.0,
490.0,
413.0,
402.0,
383.0,
386.0,
369.0,
357.0,
435.0,
698.0,
735.0,
754.0,
786.0,
857.0,
893.0,
942.0,
958.0,
915.0,
947.0,
927.0,
901.0,
877.0,
893.0,
874.0,
720.0,
483.0,
413.0,
394.0,
384.0,
354.0,
342.0,
333.0,
429.0,
699.0,
727.0,
818.0,
857.0,
935.0,
971.0,
985.0,
991.0,
981.0,
978.0,
997.0,
975.0,
918.0,
901.0,
879.0,
772.0,
488.0,
408.0,
381.0,
368.0,
353.0,
359.0,
336.0,
410.0,
708.0,
745.0,
815.0,
854.0,
931.0,
982.0,
1023.0,
1007.0,
1012.0,
968.0,
950.0,
962.0,
934.0,
901.0,
897.0,
697.0,
485.0,
425.0,
399.0,
375.0,
367.0,
374.0,
363.0,
417.0,
649.0,
741.0,
782.0,
879.0,
973.0,
974.0,
1024.0,
1011.0,
1002.0,
1009.0,
967.0,
952.0,
933.0,
911.0,
807.0,
673.0,
520.0,
416.0,
371.0,
374.0,
373.0,
412.0,
413.0,
477.0,
704.0,
735.0,
772.0,
827.0,
872.0,
886.0,
876.0,
878.0,
880.0,
860.0,
838.0,
818.0,
811.0,
794.0,
774.0,
674.0,
434.0,
362.0,
342.0,
337.0,
333.0,
324.0,
322.0,
381.0,
672.0,
704.0,
773.0,
812.0,
828.0,
818.0,
843.0,
803.0,
830.0,
783.0,
788.0,
759.0,
759.0,
818.0,
779.0,
614.0,
392.0,
316.0,
288.0,
275.0,
283.0,
274.0,
275.0,
328.0,
657.0,
664.0,
726.0,
772.0,
801.0,
838.0,
804.0,
768.0,
784.0,
813.0,
786.0,
775.0,
766.0,
725.0,
715.0,
650.0,
514.0,
455.0,
436.0,
421.0,
340.0,
323.0,
317.0,
356.0,
686.0,
656.0,
726.0,
750.0,
802.0,
819.0,
792.0,
773.0,
777.0,
822.0,
777.0,
765.0,
715.0,
711.0,
711.0,
638.0,
380.0,
320.0,
288.0,
278.0,
274.0,
263.0,
264.0,
343.0,
643.0,
672.0,
749.0,
782.0,
791.0,
825.0,
777.0,
778.0,
806.0,
832.0,
796.0,
776.0,
741.0,
739.0,
728.0,
645.0,
449.0,
323.0,
295.0,
277.0,
293.0,
299.0,
277.0,
373.0,
627.0,
650.0,
735.0,
792.0,
821.0,
868.0,
818.0,
817.0,
831.0,
808.0,
793.0,
784.0,
771.0,
744.0,
768.0,
616.0,
389.0,
329.0,
311.0,
285.0,
293.0,
279.0,
273.0,
359.0,
581.0,
665.0,
709.0,
765.0,
801.0,
778.0,
832.0,
812.0,
820.0,
797.0,
778.0,
744.0,
729.0,
720.0,
667.0,
537.0,
366.0,
305.0,
297.0,
283.0,
297.0,
286.0,
275.0,
327.0,
581.0,
681.0,
757.0,
752.0,
789.0,
843.0,
819.0,
803.0,
805.0,
800.0,
771.0,
744.0,
734.0,
727.0,
713.0,
603.0,
486.0,
401.0,
324.0,
328.0,
332.0,
329.0,
315.0,
364.0,
628.0,
661.0,
747.0,
784.0,
785.0,
770.0,
774.0,
761.0,
784.0,
727.0,
728.0,
746.0,
713.0,
691.0,
684.0,
563.0,
394.0,
323.0,
325.0,
335.0,
333.0,
352.0,
336.0,
400.0,
632.0,
655.0,
711.0,
723.0,
771.0,
817.0,
762.0,
752.0,
749.0,
737.0,
737.0,
719.0,
715.0,
716.0,
707.0,
593.0,
407.0,
356.0,
339.0,
347.0,
349.0,
345.0,
332.0,
397.0,
640.0,
663.0,
728.0,
759.0,
789.0,
829.0,
783.0,
777.0,
780.0,
756.0,
728.0,
722.0,
703.0,
699.0,
700.0,
586.0,
418.0,
359.0,
330.0,
330.0,
356.0,
344.0,
330.0,
414.0,
616.0,
655.0,
733.0,
763.0,
812.0,
799.0,
801.0,
790.0,
825.0,
834.0,
769.0,
754.0,
750.0,
766.0,
756.0,
604.0,
426.0,
361.0,
336.0,
334.0,
348.0,
330.0,
327.0,
326.0,
633.0,
703.0,
744.0,
788.0,
831.0,
810.0,
858.0,
822.0,
867.0,
886.0,
849.0,
851.0,
814.0,
809.0,
768.0,
653.0,
432.0,
345.0,
333.0,
327.0,
335.0,
324.0,
312.0,
380.0,
558.0,
690.0,
792.0,
809.0,
813.0,
819.0,
814.0,
817.0,
817.0,
864.0,
825.0,
785.0,
752.0,
726.0,
646.0,
561.0,
395.0,
302.0,
283.0,
285.0,
283.0,
294.0,
279.0,
369.0,
596.0,
655.0,
723.0,
751.0,
794.0,
788.0,
745.0,
730.0,
741.0,
760.0,
799.0,
798.0,
752.0,
738.0,
738.0,
603.0,
398.0,
316.0,
298.0,
293.0,
302.0,
303.0,
289.0,
349.0,
616.0,
670.0,
705.0,
746.0,
773.0,
787.0,
773.0,
756.0,
804.0,
733.0,
738.0,
741.0,
715.0,
737.0,
710.0,
580.0,
377.0,
293.0,
282.0,
267.0,
278.0,
278.0,
276.0,
320.0,
581.0,
644.0,
651.0,
766.0,
777.0,
790.0,
784.0,
749.0,
757.0,
748.0,
747.0,
751.0,
745.0,
729.0,
704.0,
593.0,
390.0,
327.0,
306.0,
283.0,
272.0,
270.0,
281.0,
315.0,
571.0,
659.0,
731.0,
769.0,
834.0,
849.0,
869.0,
810.0,
789.0,
771.0,
774.0,
752.0,
734.0,
773.0,
726.0,
581.0,
363.0,
297.0,
288.0,
267.0,
265.0,
264.0,
267.0,
348.0,
600.0,
636.0,
725.0,
801.0,
812.0,
821.0,
813.0,
785.0,
796.0,
798.0,
792.0,
796.0,
754.0,
760.0,
730.0,
586.0,
372.0,
299.0,
287.0,
279.0,
289.0,
272.0,
273.0,
365.0,
605.0,
678.0,
757.0,
804.0,
829.0,
840.0,
811.0,
801.0,
801.0,
793.0,
777.0,
786.0,
786.0,
795.0,
759.0,
592.0,
379.0,
307.0,
289.0,
282.0,
283.0,
280.0,
274.0,
371.0,
606.0,
671.0,
741.0,
788.0,
825.0,
815.0,
785.0,
782.0,
769.0,
749.0,
725.0,
728.0,
693.0,
727.0,
657.0,
525.0,
349.0,
292.0,
278.0,
273.0,
288.0,
289.0,
271.0,
337.0,
588.0,
661.0,
724.0,
753.0,
774.0,
804.0,
757.0,
748.0,
754.0,
732.0,
717.0,
722.0,
706.0,
742.0,
730.0,
601.0,
393.0,
341.0,
356.0,
344.0,
378.0,
399.0,
403.0,
497.0,
620.0,
650.0,
736.0,
762.0,
785.0,
794.0,
766.0,
780.0,
795.0,
789.0,
769.0,
774.0,
749.0,
761.0,
755.0,
585.0,
410.0,
350.0,
352.0,
358.0,
370.0,
357.0,
348.0,
485.0,
576.0,
603.0,
704.0,
727.0,
785.0,
831.0,
808.0,
776.0,
793.0,
766.0,
734.0,
739.0,
718.0,
752.0,
720.0,
580.0,
370.0,
298.0,
273.0,
268.0,
262.0,
257.0,
253.0,
323.0,
538.0,
619.0,
741.0,
760.0,
790.0,
786.0,
769.0,
753.0,
746.0,
749.0,
753.0,
731.0,
726.0,
743.0,
709.0,
630.0,
425.0,
265.0,
252.0,
257.0,
265.0,
260.0,
258.0,
333.0,
566.0,
635.0,
687.0,
761.0,
836.0,
861.0,
834.0,
785.0,
783.0,
769.0,
761.0,
785.0,
773.0,
770.0,
764.0,
645.0,
456.0,
377.0,
362.0,
359.0,
374.0,
368.0,
363.0,
358.0,
582.0,
670.0,
765.0,
826.0,
853.0,
878.0,
843.0,
822.0,
843.0,
820.0,
770.0,
728.0,
718.0,
717.0,
716.0,
631.0,
459.0,
366.0,
345.0,
345.0,
348.0,
281.0,
286.0,
356.0,
611.0,
682.0,
743.0,
776.0,
836.0,
823.0,
792.0,
846.0,
806.0,
756.0,
750.0,
749.0,
762.0,
751.0,
677.0,
527.0,
351.0,
288.0,
276.0,
273.0,
293.0,
284.0,
271.0,
333.0,
536.0,
640.0,
700.0,
779.0,
797.0,
808.0,
800.0,
783.0,
809.0,
789.0,
780.0,
789.0,
766.0,
782.0,
741.0,
588.0,
379.0,
320.0,
296.0,
298.0,
296.0,
305.0,
297.0,
380.0,
584.0,
616.0,
706.0,
798.0,
823.0,
814.0,
784.0,
796.0,
827.0,
807.0,
785.0,
781.0,
760.0,
780.0,
760.0,
598.0,
385.0,
321.0,
301.0,
299.0,
302.0,
304.0,
304.0,
387.0,
615.0,
634.0,
708.0,
788.0,
804.0,
869.0,
867.0,
851.0,
834.0,
807.0,
770.0,
754.0,
759.0,
732.0,
716.0,
629.0,
381.0,
316.0,
311.0,
310.0,
315.0,
317.0,
315.0,
391.0,
634.0,
700.0,
763.0,
835.0,
884.0,
909.0,
855.0,
842.0,
858.0,
834.0,
809.0,
788.0,
814.0,
772.0,
749.0,
584.0,
389.0,
321.0,
313.0,
310.0,
312.0,
313.0,
326.0,
392.0,
670.0,
720.0,
771.0,
811.0,
844.0,
869.0,
868.0,
840.0,
817.0,
805.0,
778.0,
797.0,
791.0,
797.0,
778.0,
600.0,
397.0,
330.0,
335.0,
338.0,
340.0,
339.0,
315.0,
389.0,
620.0,
708.0,
787.0,
857.0,
842.0,
866.0,
852.0,
864.0,
865.0,
830.0,
788.0,
792.0,
768.0,
777.0,
759.0,
590.0,
399.0,
322.0,
296.0,
305.0,
297.0,
287.0,
283.0,
377.0,
600.0,
676.0,
776.0,
846.0,
867.0,
839.0,
844.0,
828.0,
802.0,
757.0,
767.0,
747.0,
752.0,
760.0,
646.0,
529.0,
369.0,
311.0,
298.0,
298.0,
300.0,
290.0,
282.0,
367.0,
572.0,
659.0,
750.0,
762.0,
829.0,
840.0,
838.0,
819.0,
796.0,
778.0,
748.0,
742.0,
737.0,
780.0,
759.0,
576.0,
382.0,
309.0,
317.0,
319.0,
313.0,
306.0,
300.0,
368.0,
593.0,
643.0,
752.0,
785.0,
833.0,
856.0,
808.0,
814.0,
787.0,
744.0,
749.0,
760.0,
771.0,
778.0,
765.0,
560.0,
382.0,
310.0,
303.0,
302.0,
315.0,
315.0,
317.0,
369.0,
606.0,
679.0,
737.0,
749.0,
764.0,
780.0,
738.0,
775.0,
790.0,
775.0,
781.0,
785.0,
778.0,
774.0,
748.0,
601.0,
387.0,
330.0,
321.0,
338.0,
338.0,
326.0,
309.0,
356.0,
598.0,
684.0,
706.0,
776.0,
848.0,
850.0,
826.0,
799.0,
798.0,
768.0,
770.0,
765.0,
734.0,
757.0,
752.0,
591.0,
409.0,
345.0,
320.0,
326.0,
330.0,
303.0,
299.0,
372.0,
624.0,
702.0,
788.0,
804.0,
854.0,
868.0,
854.0,
829.0,
805.0,
808.0,
809.0,
788.0,
804.0,
795.0,
780.0,
604.0,
394.0,
335.0,
312.0,
314.0,
324.0,
308.0,
311.0,
364.0,
625.0,
683.0,
787.0,
806.0,
810.0,
840.0,
844.0,
832.0,
859.0,
819.0,
771.0,
769.0,
767.0,
770.0,
765.0,
583.0,
374.0,
300.0,
289.0,
287.0,
303.0,
611.0,
290.0,
344.0,
594.0,
687.0,
790.0,
836.0,
835.0,
810.0,
793.0,
853.0,
775.0,
771.0,
763.0,
773.0,
774.0,
787.0,
648.0,
531.0,
417.0,
334.0,
334.0,
313.0,
319.0,
312.0,
322.0,
361.0,
610.0,
717.0,
752.0,
798.0,
795.0,
768.0,
791.0,
781.0,
755.0,
755.0,
755.0,
769.0,
785.0,
767.0,
738.0,
580.0,
403.0,
357.0,
343.0,
358.0,
366.0,
339.0,
341.0,
474.0,
595.0,
636.0,
678.0,
746.0,
791.0,
792.0,
745.0,
727.0,
761.0,
777.0,
764.0,
736.0,
739.0,
761.0,
721.0,
571.0,
402.0,
322.0,
313.0,
311.0,
314.0,
317.0,
299.0,
374.0,
603.0,
653.0,
708.0,
749.0,
768.0,
772.0,
755.0,
774.0,
758.0,
767.0,
748.0,
755.0,
774.0,
765.0,
722.0,
575.0,
394.0,
315.0,
320.0,
319.0,
311.0,
344.0,
325.0,
402.0,
588.0,
667.0,
724.0,
816.0,
785.0,
806.0,
804.0,
762.0,
757.0,
768.0,
791.0,
798.0,
795.0,
789.0,
740.0,
573.0,
419.0,
357.0,
342.0,
335.0,
322.0,
330.0,
328.0,
399.0,
639.0,
685.0,
733.0,
817.0,
844.0,
829.0,
826.0,
838.0,
778.0,
761.0,
782.0,
786.0,
795.0,
805.0,
771.0,
610.0,
420.0,
340.0,
328.0,
321.0,
315.0,
324.0,
347.0,
392.0,
620.0,
653.0,
764.0,
868.0,
879.0,
900.0,
852.0,
871.0,
790.0,
805.0,
865.0,
794.0,
807.0,
796.0,
736.0,
561.0,
401.0,
312.0,
303.0,
294.0,
289.0,
281.0,
298.0,
344.0,
629.0,
690.0,
758.0,
844.0,
851.0,
815.0,
819.0,
838.0,
783.0,
784.0,
816.0,
798.0,
780.0,
716.0,
628.0,
530.0,
387.0,
312.0,
293.0,
291.0,
285.0,
279.0,
289.0,
311.0,
595.0,
661.0,
749.0,
793.0,
819.0,
795.0,
793.0,
806.0,
749.0,
752.0,
793.0,
777.0,
753.0,
747.0,
711.0,
567.0,
433.0,
379.0,
357.0,
360.0,
354.0,
368.0,
374.0,
455.0,
611.0,
632.0,
726.0,
777.0,
804.0,
896.0,
869.0,
854.0,
843.0,
835.0,
816.0,
851.0,
829.0,
819.0,
770.0,
567.0,
400.0,
348.0,
325.0,
319.0,
324.0,
323.0,
338.0,
361.0,
611.0,
662.0,
767.0,
823.0,
877.0,
861.0,
851.0,
841.0,
785.0,
778.0,
779.0,
818.0,
796.0,
789.0,
759.0,
616.0,
421.0,
346.0,
350.0,
338.0,
343.0,
350.0,
353.0,
404.0,
609.0,
657.0,
753.0,
794.0,
811.0,
794.0,
813.0,
805.0,
775.0,
788.0,
777.0,
793.0,
770.0,
774.0,
737.0,
577.0,
399.0,
324.0,
339.0,
313.0,
314.0,
310.0,
312.0,
347.0,
681.0,
668.0,
723.0,
808.0,
828.0,
851.0,
854.0,
847.0,
857.0,
848.0,
802.0,
810.0,
816.0,
782.0,
741.0,
573.0,
380.0,
302.0,
293.0,
290.0,
284.0,
280.0,
276.0,
337.0,
604.0,
694.0,
714.0,
788.0,
849.0,
862.0,
859.0,
829.0,
856.0,
844.0,
825.0,
831.0,
833.0,
830.0,
753.0,
560.0,
378.0,
305.0,
291.0,
308.0,
294.0,
294.0,
289.0,
334.0,
570.0,
645.0,
752.0,
775.0,
847.0,
838.0,
842.0,
838.0,
826.0,
813.0,
797.0,
776.0,
770.0,
707.0,
615.0,
538.0,
376.0,
304.0,
284.0,
290.0,
278.0,
265.0,
266.0,
351.0,
599.0,
664.0,
722.0,
758.0,
814.0,
829.0,
827.0,
832.0,
775.0,
770.0,
761.0,
775.0,
759.0,
773.0,
754.0,
571.0,
408.0,
365.0,
345.0,
353.0,
357.0,
338.0,
340.0,
415.0,
607.0,
643.0,
726.0,
835.0,
859.0,
839.0,
855.0,
836.0,
825.0,
800.0,
793.0,
801.0,
808.0,
815.0,
770.0,
584.0,
390.0,
310.0,
292.0,
295.0,
307.0,
286.0,
291.0,
389.0,
614.0,
664.0,
719.0,
817.0,
819.0,
840.0,
844.0,
838.0,
832.0,
808.0,
794.0,
801.0,
789.0,
764.0,
741.0,
575.0,
371.0,
292.0,
283.0,
285.0,
296.0,
301.0,
288.0,
353.0,
603.0,
648.0,
721.0,
823.0,
848.0,
822.0,
823.0,
812.0,
809.0,
815.0,
807.0,
854.0,
838.0,
779.0,
760.0,
591.0,
393.0,
301.0,
294.0,
292.0,
296.0,
311.0,
298.0,
361.0,
628.0,
793.0,
785.0,
836.0,
866.0,
841.0,
867.0,
858.0,
818.0,
813.0,
774.0,
790.0,
839.0,
790.0,
768.0,
621.0,
459.0,
372.0,
333.0,
339.0,
329.0,
333.0,
329.0,
384.0,
582.0,
670.0,
680.0,
708.0,
788.0,
894.0,
878.0,
908.0,
833.0,
823.0,
832.0,
886.0,
850.0,
796.0,
766.0,
604.0,
459.0,
371.0,
342.0,
340.0,
342.0,
340.0,
360.0,
447.0,
586.0,
676.0,
758.0,
849.0,
917.0,
869.0,
827.0,
876.0,
825.0,
821.0,
834.0,
808.0,
800.0,
720.0,
623.0,
545.0,
435.0,
359.0,
366.0,
375.0,
359.0,
345.0,
364.0,
409.0,
559.0,
638.0,
751.0,
798.0,
791.0,
785.0,
825.0,
798.0,
793.0,
826.0,
842.0,
836.0,
803.0,
786.0,
766.0,
629.0,
452.0,
366.0,
355.0,
355.0,
354.0,
341.0,
358.0,
413.0,
627.0,
628.0,
712.0,
833.0,
829.0,
835.0,
839.0,
828.0,
813.0,
800.0,
787.0,
814.0,
783.0,
779.0,
744.0,
581.0,
416.0,
359.0,
338.0,
341.0,
336.0,
331.0,
333.0,
397.0,
649.0,
673.0,
750.0,
781.0,
826.0,
811.0,
827.0,
816.0,
787.0,
760.0,
754.0,
802.0,
784.0,
759.0,
745.0,
598.0,
405.0,
337.0,
333.0,
338.0,
329.0,
322.0,
328.0,
371.0,
626.0,
678.0,
735.0,
812.0,
826.0,
818.0,
807.0,
786.0,
771.0,
794.0,
818.0,
817.0,
838.0,
795.0,
766.0,
595.0,
412.0,
359.0,
347.0,
340.0,
339.0,
327.0,
346.0,
436.0,
655.0,
655.0,
728.0,
829.0,
846.0,
849.0,
845.0,
852.0,
837.0,
834.0,
813.0,
843.0,
819.0,
764.0,
732.0,
597.0,
400.0,
334.0,
352.0,
366.0,
347.0,
330.0,
323.0,
354.0,
650.0,
682.0,
724.0,
770.0,
858.0,
828.0,
850.0,
864.0,
836.0,
835.0,
819.0,
825.0,
842.0,
822.0,
789.0,
616.0,
404.0,
312.0,
314.0,
305.0,
301.0,
297.0,
300.0,
368.0,
664.0,
663.0,
779.0,
837.0,
859.0,
830.0,
848.0,
863.0,
815.0,
846.0,
848.0,
872.0,
880.0,
731.0,
634.0,
578.0,
399.0,
307.0,
306.0,
313.0,
302.0,
299.0,
303.0,
374.0,
619.0,
693.0,
749.0,
812.0,
827.0,
804.0,
835.0,
841.0,
817.0,
801.0,
786.0,
774.0,
768.0,
782.0,
744.0,
631.0,
422.0,
348.0,
340.0,
361.0,
343.0,
341.0,
384.0,
455.0,
591.0,
609.0,
714.0,
810.0,
847.0,
843.0,
812.0,
804.0,
783.0,
780.0,
768.0,
758.0,
762.0,
752.0,
781.0,
594.0,
431.0,
353.0,
365.0,
342.0,
354.0,
348.0,
351.0,
411.0,
597.0,
669.0,
771.0,
854.0,
881.0,
903.0,
889.0,
926.0,
903.0,
892.0,
881.0,
876.0,
857.0,
879.0,
775.0,
584.0,
380.0,
299.0,
308.93,
284.36,
317.21,
318.55,
323.1,
370.99,
798.17,
864.98,
942.31,
952.26,
939.01,
960.92,
1034.4,
1084.72,
1051.22,
1111.61,
1147.95,
1098.12,
1074.47,
1021.14,
838.32,
642.69,
382.67,
232.42,
197.67,
174.33,
213.41,
235.58,
278.5,
422.01,
698.16,
738.89,
858.17,
919.7,
862.56,
949.9,
994.57,
996.34,
973.91,
1001.21,
983.0,
1036.88,
1062.2,
971.49,
935.15,
629.42,
400.65,
299.73,
274.07,
247.53,
253.51,
282.79,
310.46,
382.57,
692.9,
733.89,
869.65,
972.83,
1057.95,
1034.81,
1069.29,
1124.5,
1031.02,
1078.47,
1003.88,
1018.41,
964.67,
947.79,
852.56,
608.99,
451.0,
384.12,
398.92,
399.6,
372.7,
349.42,
377.14,
410.05,
625.6,
743.55,
826.2,
930.49,
965.38,
1039.61,
1012.57,
1030.21,
980.74,
1027.61,
1002.33,
918.36,
915.37,
842.92,
714.3,
590.9,
430.65,
385.54,
399.01,
357.54,
336.68,
291.9,
323.94,
366.89,
623.15,
745.53,
815.83,
920.15,
878.78,
929.47,
963.39,
927.83,
834.44,
878.16,
873.68,
869.99,
849.19,
851.09,
747.79,
574.16,
440.3,
410.79,
415.06,
411.14,
383.88,
401.96,
447.46,
564.02,
680.17,
733.79,
817.55,
919.52,
914.4,
1018.61,
962.44,
989.37,
1027.79,
1019.17,
995.95,
1086.53,
1078.83,
962.33,
870.5,
618.01,
475.55,
372.17,
334.07,
354.93,
337.79,
336.97,
358.36,
394.59,
620.49,
709.04,
794.01,
903.33,
924.53,
891.02,
918.75,
968.55,
937.5,
905.51,
918.64,
833.04,
833.03,
778.5,
746.83,
526.21,
333.23,
231.68,
190.47,
201.7,
227.17,
239.79,
258.94,
371.03,
610.35,
690.62,
762.89,
811.39,
760.0,
824.53,
860.13,
883.17,
917.96,
939.41,
884.97,
881.65,
914.72,
832.71,
759.64,
562.7,
412.95,
318.7,
334.36,
352.79,
365.06,
354.24,
411.93,
495.4,
689.71,
726.42,
807.13,
942.09,
1062.63,
1078.92,
1155.09,
1087.74,
1022.09,
1021.54,
1016.22,
1031.06,
1031.66,
887.89,
810.3,
557.61,
386.6,
300.84,
300.96,
308.58,
274.65,
231.31,
252.97,
325.28,
639.09,
656.99,
776.58,
868.81,
906.33,
911.57,
917.87,
1001.28,
965.21,
959.95,
913.85,
910.98,
921.21,
866.92,
790.14,
540.98,
391.07,
297.51,
276.78,
292.99,
286.37,
293.23,
304.59,
413.16,
640.54,
674.02,
774.98,
869.46,
854.25,
886.45,
937.01,
946.6,
899.47,
920.85,
935.24,
901.14,
910.87,
820.43,
677.38,
526.26,
402.39,
348.94,
340.7,
362.99,
338.4,
320.33,
336.52,
429.68,
630.01,
738.12,
773.79,
885.39,
949.68,
898.41,
986.1,
915.41,
818.08,
825.11,
839.82,
865.17,
869.13,
867.75,
810.55,
608.3,
460.14,
393.46,
392.03,
390.44,
376.78,
361.87,
423.26,
537.68,
692.27,
671.88,
759.47,
895.47,
909.2,
992.3,
939.22,
992.31,
955.11,
967.68,
957.28,
983.24,
962.95,
915.58,
837.45,
592.18,
422.23,
347.07,
314.92,
326.03,
329.56,
324.46,
325.22,
394.02,
618.4,
661.84,
746.56,
849.51,
843.51,
833.5,
898.33,
910.9,
932.81,
962.21,
939.65,
942.35,
866.38,
859.72,
751.82,
560.04,
368.38,
279.87,
278.88,
274.7,
307.58,
301.1,
309.74,
369.49,
628.9,
684.98,
739.11,
841.36,
815.54,
860.25,
867.66,
910.59,
902.55,
921.44,
920.93,
932.92,
938.99,
874.84,
772.31,
565.93,
399.79,
310.64,
307.53,
287.07,
270.61,
281.17,
268.39,
360.41,
639.39,
729.65,
774.41,
885.71,
964.82,
1004.96,
1014.86,
1030.37,
966.34,
1013.91,
985.84,
1016.24,
970.77,
911.26,
813.04,
587.47,
407.54,
345.49,
329.45,
335.39,
309.76,
299.18,
298.69,
362.95,
641.02,
713.33,
763.39,
852.79,
864.87,
894.33,
895.3,
970.04,
909.89,
948.26,
927.22,
969.65,
935.33,
850.08,
797.8,
576.52,
399.56,
343.4,
314.46,
299.27,
308.86,
338.04,
303.77,
371.83,
634.91,
691.29,
745.52,
847.0,
870.32,
876.1,
867.09,
924.25,
911.82,
903.85,
864.11,
881.33,
857.35,
822.48,
682.68,
544.42,
410.28,
314.51,
296.0,
283.37,
271.97,
245.65,
248.37,
311.09,
578.22,
668.79,
767.04,
793.16,
795.58,
845.88,
853.59,
894.23,
780.61,
838.1,
859.33,
882.58,
864.53,
826.87,
744.26,
605.88,
425.47,
357.77,
327.11,
336.45,
307.65,
302.27,
346.71,
400.73,
577.1,
635.45,
756.52,
870.63,
849.01,
895.41,
910.4,
910.15,
874.25,
941.23,
935.73,
868.53,
872.85,
863.51,
807.75,
572.27,
418.06,
320.84,
334.62,
342.59,
324.35,
354.01,
357.79,
417.02,
651.3,
697.22,
789.03,
829.19,
851.48,
839.56,
877.7,
910.97,
870.43,
940.32,
892.29,
882.21,
863.96,
803.33,
742.77,
580.68,
401.88,
340.83,
350.92,
361.02,
363.16,
361.48,
353.65,
441.48,
657.46,
697.1,
772.61,
852.24,
871.39,
909.39,
884.23,
916.22,
895.1,
896.74,
904.22,
925.66,
863.88,
799.73,
774.53,
586.42,
396.08,
320.61,
302.03,
285.81,
268.62,
270.39,
270.19,
343.74,
642.74,
721.31,
787.31,
880.5,
878.47,
891.17,
848.5,
903.71,
856.42,
918.53,
898.28,
929.03,
869.43,
861.21,
808.01,
621.55,
427.7,
328.58,
310.77,
303.05,
316.25,
362.42,
321.11,
381.37,
657.7,
710.09,
768.44,
801.43,
834.88,
878.51,
869.6,
890.91,
875.75,
856.39,
889.7,
876.33,
877.68,
808.82,
801.77,
611.89,
439.53,
346.66,
321.59,
319.88,
343.92,
390.47,
324.44,
401.34,
623.71,
678.59,
748.4,
861.67,
884.42,
838.38,
867.24,
901.28,
870.49,
914.65,
849.14,
890.03,
875.41,
810.89,
734.19,
584.32,
397.82,
326.04,
312.11,
311.92,
311.68,
314.5,
326.87,
394.4,
571.27,
642.3,
759.04,
821.84,
785.49,
765.01,
822.55,
817.91,
804.75,
830.82,
823.79,
849.89,
811.26,
780.38,
747.04,
640.3,
412.72,
374.51,
355.69,
387.18,
362.1,
379.75,
417.62,
432.09,
611.57,
618.09,
757.63,
849.21,
846.72,
864.41,
851.23,
869.45,
848.26,
853.16,
804.34,
796.15,
766.55,
812.45,
774.2,
595.34,
439.59,
360.36,
368.46,
375.44,
350.2,
365.23,
358.41,
409.8,
618.36,
669.28,
774.78,
808.45,
798.31,
830.84,
840.34,
850.39,
872.65,
883.5,
874.2,
867.87,
828.16,
805.52,
786.74,
642.27,
455.04,
367.61,
383.38,
391.0,
377.72,
399.46,
408.43,
443.73,
663.93,
670.34,
781.74,
807.14,
835.58,
853.21,
852.84,
837.8,
846.46,
896.51,
881.43,
876.16,
848.25,
840.71,
791.05,
588.82,
403.32,
347.42,
353.41,
328.88,
343.34,
360.04,
352.3,
423.33,
663.92,
713.84,
771.41,
851.52,
858.83,
841.24,
874.59,
881.41,
871.14,
947.28,
935.64,
887.88,
928.34,
862.85,
828.61,
625.09,
448.76,
386.92,
397.08,
399.87,
380.69,
411.5,
388.22,
455.55,
683.39,
688.48,
791.09,
809.59,
884.45,
881.31,
880.26,
953.67,
914.2,
917.56,
871.99,
848.45,
921.64,
842.92,
853.76,
631.71,
465.26,
373.7,
